Début,Fin,Résumé,Lieu,Description
15/12/2025 15:00,15/12/2025 17:00,R1.10,D_028,RT1-TP_B2 KOTTI IMEN
10/12/2025 13:00,10/12/2025 17:00,R1.06,G_002,RT1-TP_A1 CHAMBERT CHRISTOPHE
19/09/2025 06:00,19/09/2025 08:00,R1.07,D_110,RT1-B LAURENT NILS
09/12/2025 13:00,09/12/2025 15:00,R1.11 COMMUNICATION,D_110,RT1-B DIOLEZ JULIE
21/10/2025 10:00,21/10/2025 10:30,--------------------Contrôle des Absences - Bureau de Mme Zeryouh,,RT1-S1 RT2-TP_C_FI RT2-TP_R_FI ZERYOUH NEZHA
20/11/2025 07:00,20/11/2025 08:00,SAE1.04 SUIVI PROJET,G_010,RT1-TP_B1 MATICHARD PIERRE-JEAN
04/11/2025 15:00,04/11/2025 17:00,R1.07 TP,G_003,RT1-TP_A2 AZZOUNI SOUMAYA
15/01/2026 13:00,15/01/2026 17:00,Soutien RT1-RT2 (Non Obligatoire),"G_002\,D_110\,G_004\,G_007\,D_028\,D_026\,D_032",RT1-S1
01/09/2025 09:30,01/09/2025 10:30,Jeu de piste sur le campus par équipe,,RT1-S1
27/11/2025 07:00,27/11/2025 09:00,R1.12 EN 2EME,D_110,RT1-B Armoire PC portable NEJJAR NABIH
03/11/2025 14:00,03/11/2025 15:00,R1.11 METHODO,D_032,RT1-B BARNAY FABIENNE
30/09/2025 14:00,30/09/2025 16:00,R1.02,G_004,RT1-B CHAMBERT CHRISTOPHE
14/10/2025 14:00,14/10/2025 16:00,R1.01c,G_012,RT1-TP_A1 MARTINI PIERRE
07/11/2025 07:00,07/11/2025 08:00,SAE1.03 SUIVI,G_007,RT1-TP_B2 EL BADAOUI MOHAMED
19/12/2025 07:00,19/12/2025 09:00,SAE1.05 TP 2H,G_003,RT1-TP_A2 BIARD MATHIEU
12/09/2025 13:00,12/09/2025 14:00,SAE1.01,G_019,RT1-TP_A2
05/09/2025 14:00,05/09/2025 16:00,R1.08,G_012,RT1-B MARTINI PIERRE
05/01/2026 07:00,05/01/2026 08:00,SAE1.05 SUIVI PROJET,G_012,RT1-TP_B1 BIARD MATHIEU
20/11/2025 08:00,20/11/2025 09:00,SAE1.04 PROJET,G_010,RT1-TP_B1
19/12/2025 09:00,19/12/2025 11:00,SAE1.05 PROJET A2,G_003,RT1-TP_A2
21/10/2025 12:00,21/10/2025 14:00,R1.07 TP,G_019,RT1-TP_B2 EL AMLI AMINE
05/12/2025 14:00,05/12/2025 15:00,SAE1.04 PROJET,G_007,RT1-TP_B2
16/10/2025 09:00,16/10/2025 10:00,R1.14,G_011_AMPHI,RT1-S1 GAULTIER BEATRICE
06/01/2026 09:00,06/01/2026 11:00,SAE1.05 PROJET A2,G_003,RT1-TP_A2
27/11/2025 09:00,27/11/2025 11:00,R1.11 METHODO,D_028,RT1-B BARNAY FABIENNE
07/01/2026 07:00,07/01/2026 09:00,SAE1.05 PROJET B1,G_007,RT1-TP_B1
09/12/2025 13:00,09/12/2025 14:00,SAE1.02 PROJET,G_019,RT1-TP_A2
25/11/2025 11:00,25/11/2025 11:30,Contrôle des Absences - Bureau de Mme Zeryouh,,RT2-S3 RT1-S1 ZERYOUH NEZHA
26/09/2025 11:00,26/09/2025 14:00,R1.05,G_007,RT1-TP_A2 HEYRAUD CHRISTOPHE
16/10/2025 07:00,16/10/2025 09:00,R1.04 ELECTRONIQUE,D_026,RT1-A AZZOUNI SOUMAYA
08/10/2025 14:00,08/10/2025 16:00,R1.13 TDB,D_028,RT1-B GRIZONNET YANN
04/12/2025 09:00,04/12/2025 11:00,SAE1.02 PROJET,G_007,RT1-TP_B1
16/09/2025 08:00,16/09/2025 10:00,R1.10,D_032,RT1-A TCHEN CASSANDRA
03/12/2025 09:00,03/12/2025 11:00,R1.06,G_003,RT1-A HEYRAUD CHRISTOPHE
09/12/2025 09:00,09/12/2025 11:00,R1.11 COMMUNICATION,D_110,RT1-A DIOLEZ JULIE
23/09/2025 12:30,23/09/2025 14:00,PRESENTATION TUTORAT/ CONTRAT PEDAGO,G_011_AMPHI,RT1-TP_A1 RT1-TP_B2 RT1-TP_A2 RT1-TP_B1 NEJJAR NABIH
01/10/2025 12:00,01/10/2025 14:00,R1.15,G_016,RT1-A GUILLOT TIPHANIE
08/01/2026 07:00,08/01/2026 08:00,SAE1.05 SUIVI PROJET,G_007,RT1-TP_A1 BIARD MATHIEU
22/09/2025 06:00,22/09/2025 08:00,R1.05,D_110,RT1-A HEYRAUD CHRISTOPHE
20/11/2025 07:00,20/11/2025 09:00,R1.10,D_026,RT1-TP_B2 KOTTI IMEN
09/09/2025 06:00,09/09/2025 07:00,SAE1.01 SUIVI,G_004,RT1-TP_B1 AZZOUNI SOUMAYA
23/10/2025 06:00,23/10/2025 08:00,R1.06,A_021 amphi,RT1-S1 HEYRAUD CHRISTOPHE
17/12/2025 10:00,17/12/2025 11:00,R1.11 Voltaire B1,D_028,BARNAY FABIENNE RT1-TP_B1
28/11/2025 07:00,28/11/2025 10:00,SAE1.03 SOUTENANCE,D_028,RT1-TP_B2 EL BADAOUI MOHAMED
10/12/2025 15:00,10/12/2025 17:00,R1.10,D_028,RT1-TP_B2 KOTTI IMEN
05/12/2025 13:00,05/12/2025 14:00,SAE1.04 PROJET,G_007,RT1-TP_B2
21/11/2025 07:00,21/11/2025 08:00,SAE1.03 SUIVI,G_007,RT1-TP_B2 EL BADAOUI MOHAMED
04/12/2025 09:00,04/12/2025 10:00,SAE1.02 SUIVI PROJET,G_012,RT1-TP_A2 MATICHARD PIERRE-JEAN
17/10/2025 14:00,17/10/2025 16:00,R1.01c,G_012,RT1-TP_B1 MARTINI PIERRE
13/11/2025 09:00,13/11/2025 10:00,SAE1.03,G_007,RT1-TP_B1
01/12/2025 15:00,01/12/2025 17:00,R1.04 TP,G_004,RT1-TP_B2 AZZOUNI SOUMAYA
18/12/2025 07:00,18/12/2025 11:00,SAE1.02 TP 4H,G_012,RT1-TP_A1 CHAMBERT CHRISTOPHE
11/12/2025 07:00,11/12/2025 09:00,SAE1.05,D_110,RT1-A LACAN DAVID
01/10/2025 06:00,01/10/2025 08:00,R1.15,G_016,RT1-B GUILLOT TIPHANIE
01/10/2025 12:00,01/10/2025 16:00,R1.01b DS TP,G_007,RT1-TP_B1 CHEMINEAU CHRISTOPHE
21/10/2025 14:00,21/10/2025 16:00,R1.07 TP,G_019,RT1-TP_A1 LAURENT NILS
23/09/2025 10:00,23/09/2025 11:00,SAE1.PORTFOLIO,G_011_AMPHI,RT1-S1 MATICHARD PIERRE-JEAN
22/10/2025 08:00,22/10/2025 10:00,R1.13 TDA,D_032,RT1-A BIARD MATHIEU
03/10/2025 11:00,03/10/2025 14:00,SAE1.01,G_004,RT1-A AZZOUNI SOUMAYA
01/12/2025 09:00,01/12/2025 11:00,R1.04 TP,G_004,RT1-TP_A2 AZZOUNI SOUMAYA
06/01/2026 08:00,06/01/2026 09:00,SAE1.05 PROJET B2,G_012,RT1-TP_B2
04/11/2025 15:00,04/11/2025 17:00,R1.07 TP,D_110,RT1-TP_A1 LAURENT NILS
18/12/2025 13:00,18/12/2025 17:00,Soutien RT1-RT2 (Non Obligatoire),"G_002\,D_110\,G_003\,G_004\,G_007\,D_026\,D_032",RT1-S1
17/11/2025 15:00,17/11/2025 16:00,SAE1.03 SUIVI,G_007,RT1-TP_A1 HEYRAUD CHRISTOPHE
15/09/2025 12:00,15/09/2025 13:00,SAE1.01 SUIVI,G_004,RT1-TP_B1 AZZOUNI SOUMAYA
02/09/2025 08:00,02/09/2025 10:00,R1.04 PRE,D_032,RT1-B HEYRAUD CHRISTOPHE
26/09/2025 07:00,26/09/2025 08:00,R1.15,B_203 salle informatique,RT1-TP_A2 BOURAMTANE KHALIL
05/01/2026 13:00,05/01/2026 17:00,R1.06,G_002,RT1-TP_A2 CHAMBERT CHRISTOPHE
21/10/2025 08:00,21/10/2025 10:00,SAE1.PORTFOLIO en 1ER,G_019,RT1-TP_A2 MATICHARD PIERRE-JEAN
10/11/2025 10:00,10/11/2025 11:00,SAE1.03,G_007,RT1-TP_A1
09/09/2025 08:00,09/09/2025 10:00,R1.10,D_028,RT1-A TCHEN CASSANDRA
05/12/2025 15:00,05/12/2025 17:00,SAE1.02 PROJET,G_007,RT1-TP_B2
24/11/2025 09:00,24/11/2025 11:00,R1.10,D_032,RT1-TP_A1 TCHEN CASSANDRA
12/12/2025 07:00,12/12/2025 08:00,SAE1.02 PROJET,G_012,RT1-TP_B2
16/09/2025 06:00,16/09/2025 07:00,SAE1.01 SUIVI,G_007,RT1-TP_A2 AZZOUNI SOUMAYA
20/10/2025 06:00,20/10/2025 08:00,R1.07 TP,D_110,RT1-TP_B2 EL AMLI AMINE
01/09/2025 08:30,01/09/2025 09:30,Accueil institutionnel Direction (Espace Conférences),,RT1-S1
03/11/2025 15:00,03/11/2025 17:00,R1.12 EN 2EME,G_004,RT1-A NEJJAR NABIH Armoire PC portable
09/12/2025 11:00,09/12/2025 11:30,Contrôle des Absences - Bureau de Mme Zeryouh,,RT2-S3 RT1-S1 ZERYOUH NEZHA
07/01/2026 16:00,07/01/2026 17:00,SAE1.05 PROJET A2,G_003,RT1-TP_A2
25/09/2025 08:00,25/09/2025 09:00,R1.11 Voltaire B2,G_016,BARNAY FABIENNE RT1-TP_B2
28/11/2025 09:00,28/11/2025 11:00,R1.04 TP,G_004,RT1-TP_A1 AZZOUNI SOUMAYA
14/11/2025 15:00,14/11/2025 17:00,SAE1.03,G_007,RT1-TP_A2
05/11/2025 07:00,05/11/2025 09:00,SAE1.PORTFOLIO,G_019,MATICHARD PIERRE-JEAN RT1-TP_B2
15/12/2025 07:00,15/12/2025 11:00,R1.06,G_004,RT1-TP_B2 CHAMBERT CHRISTOPHE
07/11/2025 13:00,07/11/2025 15:00,R1.04 TP,G_004,RT1-TP_A1 CHEVRIER JEAN-PIERRE
24/11/2025 13:00,24/11/2025 15:00,R1.06,D_032,RT1-B HEYRAUD CHRISTOPHE
06/01/2026 09:00,06/01/2026 10:00,SAE1.02 SUIVI PROJET,G_007,RT1-TP_A1 CHAMBERT CHRISTOPHE
19/11/2025 15:00,19/11/2025 17:00,R1.04 TP,G_004,RT1-TP_A2 AZZOUNI SOUMAYA
17/09/2025 06:00,17/09/2025 10:00,R1.01b,G_007,RT1-TP_B2 LAURENT NILS
12/12/2025 10:00,12/12/2025 11:00,SAE1.02 PROJET,G_012,RT1-TP_B2
05/01/2026 13:00,05/01/2026 14:00,SAE1.02 PROJET,G_007,RT1-TP_A1
04/12/2025 09:00,04/12/2025 10:00,SAE1.04 PROJET,D_110,RT1-TP_B2
07/11/2025 13:00,07/11/2025 14:00,SAE1.04 SUIVI PROJET,G_012,RT1-TP_A2 MATICHARD PIERRE-JEAN
03/12/2025 15:00,03/12/2025 17:00,R1.04 TP,G_004,RT1-TP_A2 AZZOUNI SOUMAYA
13/10/2025 14:00,13/10/2025 16:00,R1.07 TP,G_002,RT1-TP_B1 LAURENT NILS
20/10/2025 14:00,20/10/2025 16:00,R1.14,D_028,RT1-B GAULTIER BEATRICE
12/12/2025 13:00,12/12/2025 17:00,SAE1.02 TP 4H,G_012,RT1-TP_B2 MATICHARD PIERRE-JEAN
01/12/2025 09:00,01/12/2025 11:00,R1.10,D_026,RT1-TP_A1 TCHEN CASSANDRA
24/11/2025 09:00,24/11/2025 11:00,R1.13 TDB,D_026,RT1-B GRIZONNET YANN
07/01/2026 15:00,07/01/2026 17:00,SAE1.05 PROJET B1,G_007,RT1-TP_B1
03/09/2025 06:00,03/09/2025 08:00,R1.08,G_011_AMPHI,RT1-S1 MARTINI PIERRE
24/09/2025 08:00,24/09/2025 11:00,R1.05,G_007,RT1-TP_B1 HEYRAUD CHRISTOPHE
02/10/2025 05:45,02/10/2025 07:45,R1.04 ELECTRONIQUE,D_028,RT1-B AZZOUNI SOUMAYA
16/12/2025 07:30,16/12/2025 09:00,R1.11 METHODO IA,G_004,RT1-B MARTINI PIERRE
05/01/2026 07:00,05/01/2026 11:00,SAE1.04 TP Présentation orale,D_110,RT1-TP_A1 MATICHARD PIERRE-JEAN
08/09/2025 06:00,08/09/2025 08:00,R1.14,D_028,RT1-B GAULTIER BEATRICE
06/10/2025 12:00,06/10/2025 16:00,R1.02,G_002,RT1-TP_B1 CHAMBERT CHRISTOPHE
25/11/2025 15:00,25/11/2025 17:00,R1.04 TP,G_004,RT1-TP_A1 AZZOUNI SOUMAYA
19/09/2025 12:00,19/09/2025 13:00,VISITE BU (présence OBLIGATOIRE),,RT1-TP_B1 HEYRAUD CHRISTOPHE
07/01/2026 15:00,07/01/2026 17:00,R1.10,D_028,RT1-TP_A1 TCHEN CASSANDRA
26/11/2025 15:00,26/11/2025 17:00,R1.13 TDB,G_011_AMPHI,RT1-B GRIZONNET YANN
04/12/2025 10:00,04/12/2025 11:00,SAE1.02 PROJET,G_012,RT1-TP_A2
14/10/2025 06:30,14/10/2025 08:00,R1.07,G_004,RT1-B LAURENT NILS
07/01/2026 10:00,07/01/2026 10:45,évaluations de l’organisation des formations,G_011_AMPHI,RT1-S1 ALBERT PASCAL
10/09/2025 08:00,10/09/2025 10:00,R1.01b,G_004,RT1-B CHAMBERT CHRISTOPHE
20/11/2025 11:00,20/11/2025 12:00,PRESENTATION DU TSE,G_011_AMPHI,RT1-S1 NOUVELIÈRE LYDIE
10/10/2025 14:00,10/10/2025 16:00,R1.07,G_003,RT1-B LAURENT NILS
08/01/2026 10:00,08/01/2026 11:00,SAE1.05 PROJET B2,G_003,RT1-TP_B2
14/01/2026 14:00,14/01/2026 15:00,R1.10,D_028,RT1-TP_A2 TCHEN CASSANDRA
13/11/2025 09:00,13/11/2025 10:30,SAE1.04,D_110,RT1-A MATICHARD PIERRE-JEAN
05/01/2026 08:00,05/01/2026 09:00,SAE1.05 PROJET B1,G_012,RT1-TP_B1
07/01/2026 08:00,07/01/2026 09:00,SAE1.05 SUIVI PROJET,G_003,RT1-TP_A2 BIARD MATHIEU
07/11/2025 08:00,07/11/2025 09:00,SAE1.04 PROJET,G_003,RT1-TP_A1
05/12/2025 09:00,05/12/2025 11:00,SAE1.05,G_011_AMPHI,RT1-S1 LACAN DAVID
05/01/2026 14:00,05/01/2026 15:00,SAE1.02 PROJET,G_007,RT1-TP_A1
04/12/2025 13:00,04/12/2025 17:00,Soutien RT1-RT2 (Non Obligatoire),"G_002\,G_003\,G_004\,G_007\,D_028\,D_026\,D_032",RT1-S1
18/11/2025 09:00,18/11/2025 11:00,Développer ses compétences informationnelles - autonomie,G_002,RT1-TP_B2
26/11/2025 09:00,26/11/2025 11:00,R1.04 TP,G_004,RT1-TP_B1 AZZOUNI SOUMAYA
05/12/2025 13:00,05/12/2025 14:00,SAE1.02 SUIVI PROJET,G_012,RT1-TP_A1 CHAMBERT CHRISTOPHE
24/10/2025 06:00,24/10/2025 08:00,R1.01c TP DS,G_012,RT1-TP_B1 MARTINI PIERRE
10/11/2025 07:00,10/11/2025 09:00,R1.03,G_012,RT1-A AZZOUNI SOUMAYA
08/12/2025 16:00,08/12/2025 17:00,SAE1.02 PROJET,G_012,RT1-TP_B2
13/01/2026 11:00,13/01/2026 11:30,Contrôle des Absences - Bureau de Mme Zeryouh,,RT2-S3 RT1-S1 ZERYOUH NEZHA
12/11/2025 14:00,12/11/2025 15:00,R1.11 Voltaire B1,D_028,BARNAY FABIENNE RT1-TP_B1
08/01/2026 10:00,08/01/2026 11:00,SAE1.05 SUIVI PROJET,G_004,RT1-TP_B1 BIARD MATHIEU
26/11/2025 15:00,26/11/2025 17:00,R1.10,D_028,RT1-TP_A2 TCHEN CASSANDRA
15/10/2025 12:30,15/10/2025 14:00,R1.07,G_003,RT1-B LAURENT NILS
07/01/2026 15:00,07/01/2026 16:00,SAE1.05 PROJET A2,G_003,RT1-TP_A2
17/12/2025 10:00,17/12/2025 11:00,SAE1.02 PROJET,G_007,RT1-TP_B2
10/12/2025 13:00,10/12/2025 15:00,SAE1.02 PROJET,G_007,RT1-TP_B1
16/10/2025 07:00,16/10/2025 08:00,R1.11 Voltaire B2,D_110,BARNAY FABIENNE RT1-TP_B2
17/10/2025 11:00,17/10/2025 14:00,R1.05,G_007,RT1-TP_B1 HEYRAUD CHRISTOPHE
15/12/2025 09:00,15/12/2025 11:00,R1.10,D_032,RT1-TP_B1 KOTTI IMEN
24/10/2025 14:00,24/10/2025 15:00,R1.09 (DS TP),G_019,RT1-TP_A2 LLORCA MAUD
18/11/2025 10:00,18/11/2025 11:00,SAE1.03 SUIVI,G_007,RT1-TP_A1 HEYRAUD CHRISTOPHE
16/12/2025 13:00,16/12/2025 14:00,SAE1.02 PROJET,G_012,RT1-TP_A2
14/11/2025 07:00,14/11/2025 09:00,SAE1.03,G_007,RT1-TP_B2
17/09/2025 12:00,17/09/2025 14:00,R1.14,D_026,RT1-TP_B2 GAULTIER BEATRICE
13/10/2025 11:00,13/10/2025 12:00,R1.11 Voltaire B1,G_016,BARNAY FABIENNE RT1-TP_B1
10/09/2025 14:00,10/09/2025 16:00,R1.04 PRE,D_110,RT1-A CHAMBERT CHRISTOPHE
19/12/2025 10:00,19/12/2025 11:00,R1.11 Voltaire A1,D_028,BARNAY FABIENNE RT1-TP_A1
19/12/2025 07:00,19/12/2025 11:00,R1.06,G_002,RT1-TP_B1 CHAMBERT CHRISTOPHE
06/01/2026 13:00,06/01/2026 17:00,SAE1.04 TP Présentation orale,D_110,RT1-TP_B2 MATICHARD PIERRE-JEAN
25/11/2025 07:00,25/11/2025 09:00,R1.04 TP,G_004,RT1-TP_B2 AZZOUNI SOUMAYA
13/01/2026 14:00,13/01/2026 15:00,R1.10,D_026,RT1-TP_B2 KOTTI IMEN
18/09/2025 09:00,18/09/2025 10:00,SAE1.01,G_016,RT1-TP_B2
15/09/2025 15:00,15/09/2025 16:00,SAE1.01,G_003,RT1-TP_B2
07/11/2025 07:00,07/11/2025 09:00,R1.07 TP,D_110,RT1-TP_A2 AZZOUNI SOUMAYA
03/11/2025 13:00,03/11/2025 14:00,SAE1.04 TP,G_004,RT1-TP_B2 MATICHARD PIERRE-JEAN
18/11/2025 13:00,18/11/2025 15:00,SAE1.03,G_007,RT1-TP_B2
21/10/2025 08:00,21/10/2025 10:00,R1.01c,G_012,RT1-TP_A1 MARTINI PIERRE
23/09/2025 09:00,23/09/2025 10:00,SAE1.01,G_002,RT1-TP_A1
30/09/2025 12:00,30/09/2025 14:00,R1.14,D_032,RT1-B GAULTIER BEATRICE
20/10/2025 14:00,20/10/2025 16:00,R1.01c,G_012,RT1-TP_A2 MARTINI PIERRE
02/12/2025 12:00,02/12/2025 13:00,SAE1.02 CM,G_011_AMPHI,RT1-S1 MATICHARD PIERRE-JEAN
17/11/2025 15:00,17/11/2025 16:00,SAE1.04 PROJET,G_004,RT1-TP_B1
15/10/2025 06:00,15/10/2025 08:00,R1.01c,G_012,RT1-TP_B1 MARTINI PIERRE
15/12/2025 08:00,15/12/2025 09:00,SAE1.02 PROJET,G_012,RT1-TP_A2
20/10/2025 08:00,20/10/2025 09:00,SAE1.03 SUIVI,G_007,RT1-TP_A2 HEYRAUD CHRISTOPHE
03/12/2025 07:00,03/12/2025 08:00,SAE1.04 SUIVI PROJET,D_110,RT1-TP_B1 MATICHARD PIERRE-JEAN
17/11/2025 10:30,17/11/2025 11:30,SAE1.03,G_007,RT1-TP_A2
01/12/2025 13:00,01/12/2025 15:00,R1.04 TP,G_004,RT1-TP_A1 AZZOUNI SOUMAYA
13/11/2025 08:00,13/11/2025 09:00,SAE1.03 SUIVI,G_007,RT1-TP_B1 HEYRAUD CHRISTOPHE
10/10/2025 12:00,10/10/2025 14:00,R1.09,G_002,RT1-TP_B1 LLORCA MAUD
07/11/2025 07:00,07/11/2025 08:00,SAE1.04 PROJET,G_019,RT1-TP_B1
23/09/2025 08:00,23/09/2025 10:00,R1.08,G_012,RT1-TP_A2 MARTINI PIERRE
26/09/2025 07:00,26/09/2025 08:00,SAE1.01,G_004,RT1-TP_A1
04/12/2025 07:00,04/12/2025 08:00,SAE1.04 SUIVI PROJET,G_012,RT1-TP_A2 MATICHARD PIERRE-JEAN
22/09/2025 12:00,22/09/2025 15:00,R1.05,G_007,RT1-TP_B2 HEYRAUD CHRISTOPHE
24/09/2025 06:00,24/09/2025 08:00,R1.15,G_012,RT1-B BOURAMTANE KHALIL
06/01/2026 13:00,06/01/2026 14:00,SAE1.05 PROJET A2,G_012,RT1-TP_A2
13/10/2025 08:00,13/10/2025 10:00,R1.07,G_004,RT1-B LAURENT NILS
21/10/2025 12:00,21/10/2025 14:00,R1.07 TP,G_002,RT1-TP_B1 LAURENT NILS
12/12/2025 14:00,12/12/2025 15:00,SAE1.02 PROJET,G_007,RT1-TP_A2
07/10/2025 06:00,07/10/2025 10:00,R1.02,G_003,RT1-TP_A1 CHAMBERT CHRISTOPHE
06/01/2026 14:00,06/01/2026 15:00,SAE1.05 PROJET A1,G_007,RT1-TP_A1
17/11/2025 15:00,17/11/2025 16:00,présentation TEDS,G_016,RT1-TP_B2
28/11/2025 09:00,28/11/2025 11:00,Développer ses compétences informationnelles - autonomie,G_019,RT1-TP_A2
12/11/2025 13:00,12/11/2025 14:00,R1.03 DS TD,D_110,RT1-A AZZOUNI SOUMAYA
17/11/2025 13:00,17/11/2025 15:00,SAE1.03,G_007,RT1-TP_A1
17/12/2025 13:00,17/12/2025 17:00,SAE1.02 TP 4H,G_004,RT1-TP_A2 MATICHARD PIERRE-JEAN
03/11/2025 13:00,03/11/2025 15:00,R1.14,D_028,RT1-A GAULTIER BEATRICE
24/10/2025 07:00,24/10/2025 08:00,SAE1.03,G_007,RT1-TP_B2
20/10/2025 06:00,20/10/2025 08:00,R1.01c,G_012,RT1-TP_B1 MARTINI PIERRE
22/10/2025 12:00,22/10/2025 14:00,R1.07 TP,G_004,RT1-TP_A1 LAURENT NILS
27/11/2025 13:00,27/11/2025 17:00,Soutien RT1-RT2 (Non Obligatoire),"G_002\,D_110\,G_003\,G_004\,G_007\,D_028\,D_032",RT1-S1
12/01/2026 13:00,12/01/2026 17:00,SAE1.05 4H PRESENTATION ORALE,D_110,RT1-TP_A1 BIARD MATHIEU
06/11/2025 07:00,06/11/2025 09:00,R1.07 TP,D_110,RT1-TP_A1 LAURENT NILS
24/10/2025 13:00,24/10/2025 14:00,R1.09 (DS TP),G_019,RT1-TP_B1 LLORCA MAUD
14/10/2025 12:00,14/10/2025 14:00,R1.07 TP,G_004,RT1-TP_A2 AZZOUNI SOUMAYA
04/11/2025 07:00,04/11/2025 09:00,R1.07 TP,D_110,RT1-TP_B1 LAURENT NILS
12/09/2025 14:00,12/09/2025 16:00,SAE1.01,G_003,RT1-TP_B2
03/10/2025 06:00,03/10/2025 08:00,R1.07,G_016,RT1-A LAURENT NILS
10/12/2025 09:00,10/12/2025 10:00,SAE1.02 TD,D_110,RT1-A MATICHARD PIERRE-JEAN
14/11/2025 07:00,14/11/2025 08:00,SAE1.04 PROJET,G_012,RT1-TP_A2
07/01/2026 14:00,07/01/2026 15:00,SAE1.05 PROJET A2,G_003,RT1-TP_A2
06/11/2025 09:00,06/11/2025 11:00,R1.03,G_004,RT1-B CHEMINEAU CHRISTOPHE
23/09/2025 08:00,23/09/2025 09:00,SAE1.01,G_002,RT1-TP_A1
16/09/2025 08:00,16/09/2025 10:00,SAE1.01,G_019,RT1-TP_B2
14/11/2025 15:00,14/11/2025 17:00,R1.04 TP,G_004,RT1-TP_A1 CHEVRIER JEAN-PIERRE
10/10/2025 14:00,10/10/2025 16:00,R1.09,G_002,RT1-TP_A2 LLORCA MAUD
07/01/2026 13:00,07/01/2026 14:00,SAE1.05 PROJET B1,G_007,RT1-TP_B1
19/09/2025 09:00,19/09/2025 10:00,SAE1.01 SUIVI,G_002,RT1-TP_A1 AZZOUNI SOUMAYA
03/10/2025 08:00,03/10/2025 10:00,R1.07,G_016,RT1-B LAURENT NILS
16/09/2025 12:00,16/09/2025 14:00,R1.14,D_026,RT1-A GAULTIER BEATRICE
30/09/2025 10:00,30/09/2025 10:30,Contrôle des Absences - Bureau de Mme Zeryouh,,RT2-S3 RT1-S1 RT3-S5 ZERYOUH NEZHA
15/09/2025 06:00,15/09/2025 08:00,R1.07,D_110,RT1-A LAURENT NILS
08/09/2025 08:00,08/09/2025 10:00,R1.01b,G_004,RT1-B CHAMBERT CHRISTOPHE
26/09/2025 12:00,26/09/2025 14:00,R1.09,G_004,RT1-B LLORCA MAUD
07/11/2025 15:00,07/11/2025 17:00,R1.04 TP,G_004,RT1-TP_B2 CHEVRIER JEAN-PIERRE
07/11/2025 09:00,07/11/2025 11:00,R1.14 (DS),G_011_AMPHI,RT1-S1 GAULTIER BEATRICE
04/11/2025 09:00,04/11/2025 11:00,R1.11 COMMUNICATION,D_028,RT1-A DIOLEZ JULIE
17/09/2025 06:00,17/09/2025 08:00,R1.08,G_012,RT1-TP_A2 MARTINI PIERRE
10/10/2025 06:00,10/10/2025 08:00,R1.01c,G_012,RT1-TP_B1 MARTINI PIERRE
22/10/2025 08:00,22/10/2025 10:00,R1.15,D_110,RT1-TP_B1 GUILLOT TIPHANIE
09/12/2025 15:00,09/12/2025 16:00,SAE1.02 SUIVI PROJET,G_004,RT1-TP_B2 MATICHARD PIERRE-JEAN
03/09/2025 14:00,03/09/2025 16:00,R1.04 PRE,D_028,RT1-A CHAMBERT CHRISTOPHE
21/11/2025 15:00,21/11/2025 16:00,SAE1.03 SUIVI,G_007,RT1-TP_A2 HEYRAUD CHRISTOPHE
05/01/2026 15:00,05/01/2026 16:00,SAE1.05 SUIVI PROJET,G_007,RT1-TP_A1 BIARD MATHIEU
17/11/2025 07:00,17/11/2025 09:00,R1.04 ELECTRONIQUE,D_032,RT1-A AZZOUNI SOUMAYA
23/10/2025 08:00,23/10/2025 10:00,R1.10,D_028,RT1-B KOTTI IMEN
24/10/2025 14:00,24/10/2025 16:00,R1.07 TP,D_110,RT1-TP_B1 LAURENT NILS
06/01/2026 16:00,06/01/2026 17:00,SAE1.02 SUIVI PROJET,G_003,RT1-TP_B1 CHAMBERT CHRISTOPHE
17/11/2025 13:00,17/11/2025 17:00,R1.03,G_019,RT1-TP_A2 MATICHARD PIERRE-JEAN
12/09/2025 06:00,12/09/2025 08:00,R1.08,G_012,RT1-B MARTINI PIERRE
07/10/2025 08:00,07/10/2025 10:00,R1.01c,G_012,RT1-B MARTINI PIERRE
05/11/2025 15:00,05/11/2025 17:00,R1.07 TP,G_007,RT1-TP_B2 EL AMLI AMINE
08/01/2026 09:00,08/01/2026 10:00,SAE1.05 PROJET A1,G_007,RT1-TP_A1
17/12/2025 13:00,17/12/2025 15:00,R1.10,D_028,RT1-TP_A1 TCHEN CASSANDRA
08/10/2025 12:00,08/10/2025 14:00,R1.07,G_012,RT1-B LAURENT NILS
09/09/2025 07:00,09/09/2025 08:00,SAE1.01,G_004,RT1-TP_B1
15/10/2025 11:00,15/10/2025 14:00,R1.02 DS TP,G_002,RT1-TP_A2 AZZOUNI SOUMAYA
13/11/2025 08:00,13/11/2025 09:00,R1.11 Voltaire A2,D_110,BARNAY FABIENNE RT1-TP_A2
13/10/2025 06:00,13/10/2025 08:00,Développer ses compétences informationnelles,G_004,RT1-TP_A1 HEYRAUD CHRISTOPHE
16/10/2025 12:00,16/10/2025 16:00,Soutien RT1-RT2 (Non Obligatoire),"G_002\,D_110\,G_003\,G_019\,G_004\,G_007\,G_012",RT1-S1
15/10/2025 08:00,15/10/2025 10:00,R1.15,G_004,RT1-B GUILLOT TIPHANIE
01/12/2025 09:00,01/12/2025 11:00,R1.12 Présoutenance,D_032,RT1-B NEJJAR NABIH
18/09/2025 06:00,18/09/2025 08:00,SAE1.01,G_002,RT1-TP_A1
06/10/2025 08:00,06/10/2025 10:00,R1.01c,G_012,RT1-B MARTINI PIERRE
08/12/2025 14:00,08/12/2025 16:00,SAE1.02 PROJET,G_012,RT1-TP_B2
22/09/2025 08:00,22/09/2025 10:00,R1.14,G_011_AMPHI,RT1-S1 GAULTIER BEATRICE
10/10/2025 06:00,10/10/2025 09:00,R1.05,G_007,RT1-TP_B2 HEYRAUD CHRISTOPHE
09/01/2026 15:00,09/01/2026 17:00,R1.04 DS TP,G_004,RT1-TP_B2 CHEVRIER JEAN-PIERRE
26/11/2025 13:00,26/11/2025 17:00,R1.03,G_019,RT1-TP_A1 CHEMINEAU CHRISTOPHE
02/12/2025 07:00,02/12/2025 08:00,SAE1.04 PROJET,G_003,RT1-TP_B1
19/11/2025 07:00,19/11/2025 11:00,R1.03,G_019,RT1-TP_B2 CHEMINEAU CHRISTOPHE
01/10/2025 08:00,01/10/2025 10:00,R1.15,G_016,RT1-B GUILLOT TIPHANIE
01/12/2025 13:00,01/12/2025 17:00,R1.03 DS TP,G_019,RT1-TP_A2 MATICHARD PIERRE-JEAN
14/01/2026 14:00,14/01/2026 15:00,R1.11 Voltaire A1,D_110,BARNAY FABIENNE RT1-TP_A1
18/12/2025 08:00,18/12/2025 10:00,R1.10,D_028,RT1-TP_A2 TCHEN CASSANDRA
08/10/2025 12:00,08/10/2025 16:00,R1.02,G_002,RT1-TP_A1 CHAMBERT CHRISTOPHE
14/11/2025 10:00,14/11/2025 11:00,SAE1.04 PROJET,G_002,RT1-TP_A1
12/09/2025 14:00,12/09/2025 16:00,SAE1.01,G_004,RT1-TP_B1
05/09/2025 06:00,05/09/2025 08:00,R1.01b,G_004,RT1-A AZZOUNI SOUMAYA
07/01/2026 13:00,07/01/2026 14:00,SAE1.05 SUIVI PROJET,G_003,RT1-TP_A2 BIARD MATHIEU
23/09/2025 14:00,23/09/2025 16:00,R1.02,D_032,RT1-S1 AZZOUNI SOUMAYA
08/12/2025 13:00,08/12/2025 14:00,SAE1.02 TD,D_110,RT1-A MATICHARD PIERRE-JEAN
12/12/2025 08:00,12/12/2025 09:00,SAE1.02 PROJET,G_019,RT1-TP_B1
19/11/2025 07:00,19/11/2025 09:00,SAE1.03,G_007,RT1-TP_B1
09/10/2025 10:00,09/10/2025 16:00,Campus Day,,RT1-S1 RT2-S3 RT3-S5
24/11/2025 15:00,24/11/2025 17:00,R1.04 TP,G_004,RT1-TP_B1 AZZOUNI SOUMAYA
02/10/2025 11:30,02/10/2025 16:00,Intégration RT 1-2-3,,RT1-S1 RT2-S3 RT3-S5 ZERYOUH NEZHA
12/12/2025 13:00,12/12/2025 17:00,R1.06,G_002,RT1-TP_B1 CHAMBERT CHRISTOPHE
17/11/2025 07:00,17/11/2025 08:00,SAE1.03,G_007,RT1-TP_B1
14/10/2025 07:00,14/10/2025 10:00,R1.02 DS TP,G_002,RT1-TP_A1 CHAMBERT CHRISTOPHE
09/10/2025 08:00,09/10/2025 10:00,R1.01c,G_012,RT1-A MARTINI PIERRE
03/11/2025 07:00,03/11/2025 09:00,R1.03,D_032,RT1-S1 MATICHARD PIERRE-JEAN
10/12/2025 09:00,10/12/2025 11:00,R1.06,D_032,RT1-B HEYRAUD CHRISTOPHE
14/10/2025 14:00,14/10/2025 16:00,R1.07 TP,D_110,RT1-TP_B2 EL AMLI AMINE
19/09/2025 12:00,19/09/2025 14:00,R1.07,G_003,RT1-A LAURENT NILS
17/10/2025 14:00,17/10/2025 16:00,R1.04 TP,G_004,RT1-TP_A1 CHEVRIER JEAN-PIERRE
14/01/2026 13:00,14/01/2026 14:00,R1.10,D_028,RT1-TP_A1 TCHEN CASSANDRA
08/09/2025 14:00,08/09/2025 16:00,R1.04 PRE,D_028,RT1-A CHAMBERT CHRISTOPHE
15/12/2025 09:00,15/12/2025 11:00,R1.11 COMMUNICATION,D_110,RT1-A DIOLEZ JULIE
18/12/2025 10:00,18/12/2025 11:00,SAE1.02 SUIVI PROJET,G_019,RT1-TP_B2 MATICHARD PIERRE-JEAN
18/11/2025 07:00,18/11/2025 11:00,R1.03,G_019,RT1-TP_A2 MATICHARD PIERRE-JEAN
14/11/2025 09:00,14/11/2025 10:00,SAE1.04 PROJET,G_002,RT1-TP_A1
23/10/2025 10:00,23/10/2025 11:00,SAE1.04,D_032,RT1-S1 MATICHARD PIERRE-JEAN
19/09/2025 06:00,19/09/2025 08:00,R1.08,G_012,RT1-TP_A1 MARTINI PIERRE
08/10/2025 08:00,08/10/2025 10:00,R1.12 EN 2EME,G_011_AMPHI,RT1-B Armoire PC portable NEJJAR NABIH
04/11/2025 12:30,04/11/2025 14:30,R1.11 COMMUNICATION,D_028,RT1-B DIOLEZ JULIE
12/12/2025 09:00,12/12/2025 10:00,SAE1.02 PROJET,G_012,RT1-TP_B2
12/11/2025 09:00,12/11/2025 11:00,R1.07 DS TP 2H,G_019,RT1-TP_A1 LAURENT NILS
05/11/2025 13:00,05/11/2025 15:00,R1.10,D_028,RT1-A TCHEN CASSANDRA
06/01/2026 15:00,06/01/2026 17:00,SAE1.05 PROJET A1,G_007,RT1-TP_A1
05/09/2025 06:00,05/09/2025 08:00,R1.01b,G_012,RT1-B CHAMBERT CHRISTOPHE
21/11/2025 08:00,21/11/2025 09:00,présentation TEDS,G_004,RT1-TP_A2
02/09/2025 14:00,02/09/2025 15:00,SAE1.01 MIPE,G_016,RT1-B BIARD MATHIEU
10/10/2025 14:00,10/10/2025 16:00,SAE1.PORTFOLIO en 1ER,G_019,RT1-TP_A1 MATICHARD PIERRE-JEAN
02/09/2025 08:00,02/09/2025 10:00,R1.11 COMMUNICATION,D_028,RT1-A DIOLEZ JULIE
09/12/2025 15:00,09/12/2025 17:00,SAE1.02 PROJET,G_019,RT1-TP_A2
19/09/2025 06:00,19/09/2025 07:00,SAE1.01 SUIVI,G_004,RT1-TP_A2 AZZOUNI SOUMAYA
24/10/2025 12:00,24/10/2025 14:00,R1.01c TP DS,G_012,RT1-TP_A2 MARTINI PIERRE
17/12/2025 09:00,17/12/2025 10:00,SAE1.02 PROJET,G_007,RT1-TP_B2
13/11/2025 07:00,13/11/2025 08:00,R1.11 Voltaire A1,D_110,BARNAY FABIENNE RT1-TP_A1
30/09/2025 08:00,30/09/2025 10:00,R1.02,G_004,RT1-B CHAMBERT CHRISTOPHE
12/12/2025 07:00,12/12/2025 08:00,SAE1.02 PROJET,G_019,RT1-TP_B1
04/12/2025 08:00,04/12/2025 09:00,SAE1.04 PROJET,G_012,RT1-TP_A2
26/09/2025 14:00,26/09/2025 16:00,R1.09,G_004,RT1-B LLORCA MAUD
17/10/2025 07:00,17/10/2025 09:00,R1.07 TP,G_007,RT1-TP_B2 EL AMLI AMINE
11/12/2025 08:00,11/12/2025 09:00,SAE1.02 PROJET,G_007,RT1-TP_B2
17/12/2025 07:00,17/12/2025 09:00,SAE1.05 TP 2H,D_110,RT1-TP_B2 BIARD MATHIEU
03/11/2025 15:00,03/11/2025 17:00,R1.07 TP,G_003,RT1-TP_B1 LAURENT NILS
17/09/2025 08:00,17/09/2025 10:00,R1.14,D_028,RT1-TP_A2 armoire PC JOKER GAULTIER BEATRICE
08/10/2025 06:00,08/10/2025 08:00,R1.07,G_003,RT1-A LAURENT NILS
13/01/2026 13:00,13/01/2026 17:00,SAE1.05 4H PRESENTATION ORALE,G_012,RT1-TP_A2 BIARD MATHIEU
08/01/2026 07:00,08/01/2026 11:00,R1.06,G_002,RT1-TP_A2 CHAMBERT CHRISTOPHE
13/11/2025 08:00,13/11/2025 09:00,SAE1.04 SUIVI PROJET,G_002,RT1-TP_A1 MATICHARD PIERRE-JEAN
24/10/2025 08:00,24/10/2025 10:00,R1.01c TP DS,G_012,RT1-TP_B2 MARTINI PIERRE
03/11/2025 09:00,03/11/2025 11:00,R1.03,G_012,RT1-A AZZOUNI SOUMAYA
15/12/2025 07:00,15/12/2025 08:00,SAE1.02 PROJET,G_012,RT1-TP_A2
09/09/2025 10:00,09/09/2025 16:00,Integ'Roanne,,RT1-S1
17/12/2025 13:00,17/12/2025 15:00,SAE1.05 PROJET B1,D_110,RT1-TP_B1
12/11/2025 14:00,12/11/2025 15:00,SAE1.04 PROJET,G_007,RT1-TP_A2
22/10/2025 14:00,22/10/2025 16:00,R1.13 TDB,D_028,RT1-B GRIZONNET YANN
16/12/2025 15:00,16/12/2025 17:00,SAE1.05 PROJET A1,G_007,RT1-TP_A1
06/01/2026 13:00,06/01/2026 14:00,SAE1.05 SUIVI PROJET,G_007,RT1-TP_A1 BIARD MATHIEU
15/09/2025 08:00,15/09/2025 09:00,R1.04 PRE QCM,D_110,RT1-B HEYRAUD CHRISTOPHE
05/01/2026 14:00,05/01/2026 15:00,SAE1.02 PROJET,G_012,RT1-TP_B1
20/10/2025 15:00,20/10/2025 16:00,SAE1.03,G_007,RT1-TP_A1
18/11/2025 15:00,18/11/2025 17:00,SAE1.03,G_007,RT1-TP_A1
21/10/2025 12:00,21/10/2025 14:00,Développer ses compétences informationnelles,D_110,RT1-TP_A2 BIARD MATHIEU
07/10/2025 06:00,07/10/2025 08:00,R1.10,D_028,RT1-B KOTTI IMEN
15/12/2025 15:00,15/12/2025 16:00,SAE1.02 PROJET,G_007,RT1-TP_A1
18/11/2025 09:00,18/11/2025 11:00,R1.04 TP,G_004,RT1-TP_B1 AZZOUNI SOUMAYA
11/12/2025 09:00,11/12/2025 11:00,SAE1.05,D_110,RT1-B LACAN DAVID
13/10/2025 08:00,13/10/2025 10:00,R1.10,D_028,RT1-A TCHEN CASSANDRA
08/09/2025 12:00,08/09/2025 14:00,R1.13,D_032,RT1-S1 BIARD MATHIEU
18/09/2025 06:00,18/09/2025 08:00,R1.08,G_012,RT1-TP_A2 MARTINI PIERRE
12/12/2025 13:00,12/12/2025 14:00,SAE1.02 PROJET,G_007,RT1-TP_A2
30/09/2025 08:00,30/09/2025 10:00,R1.02,D_110,RT1-A AZZOUNI SOUMAYA
19/09/2025 12:00,19/09/2025 14:00,SAE1.01,G_019,RT1-TP_B2
17/09/2025 12:00,17/09/2025 16:00,R1.01b,G_019,RT1-TP_A2 LAURENT NILS
13/11/2025 11:00,13/11/2025 17:00,Journée de la Santé sexuelle,,RT1-S1 RT2-S3
26/11/2025 09:00,26/11/2025 12:00,SAE1.03 SOUTENANCE,D_026,RT1-TP_A2 HEYRAUD CHRISTOPHE
09/09/2025 08:00,09/09/2025 10:00,R1.10,D_026,RT1-B KOTTI IMEN
15/09/2025 14:00,15/09/2025 15:00,SAE1.01 SUIVI,G_003,RT1-TP_B2 AZZOUNI SOUMAYA
19/11/2025 09:00,19/11/2025 12:00,SAE1.03 SOUTENANCE,D_026,RT1-TP_A1 HEYRAUD CHRISTOPHE
17/12/2025 15:00,17/12/2025 17:00,SAE1.05 PROJET B2,D_110b,RT1-TP_B2
09/01/2026 13:00,09/01/2026 14:00,SAE1.05 PROJET B1,G_007,RT1-TP_B1
12/11/2025 14:00,12/11/2025 15:00,SAE1.04 SUIVI PROJET,G_004,RT1-TP_B2 MATICHARD PIERRE-JEAN
17/11/2025 09:00,17/11/2025 11:00,R1.13 TDB,D_026,RT1-B GRIZONNET YANN
07/01/2026 09:00,07/01/2026 10:00,SAE1.05 PROJET B2,G_012,RT1-TP_B2
18/11/2025 13:00,18/11/2025 17:00,R1.03,G_019,RT1-TP_B1 AZZOUNI SOUMAYA
08/09/2025 14:00,08/09/2025 16:00,R1.04 PRE,D_032,RT1-B HEYRAUD CHRISTOPHE
26/09/2025 06:00,26/09/2025 09:00,SAE1.01 Soutenance,D_026,RT1-TP_B2 AZZOUNI SOUMAYA
16/09/2025 12:00,16/09/2025 14:00,R1.08,G_012,RT1-TP_B1 MARTINI PIERRE
16/12/2025 13:00,16/12/2025 14:00,SAE1.02 PROJET,G_019,RT1-TP_B1
07/01/2026 07:00,07/01/2026 08:00,SAE1.05 PROJET B2,G_012,RT1-TP_B2
14/11/2025 09:00,14/11/2025 10:00,SAE1.03 SUIVI,G_007,RT1-TP_B2 EL BADAOUI MOHAMED
24/11/2025 07:00,24/11/2025 09:00,R1.06,D_032,RT1-A HEYRAUD CHRISTOPHE
12/09/2025 08:00,12/09/2025 10:00,R1.08,G_012,RT1-A MARTINI PIERRE
16/10/2025 06:00,16/10/2025 08:00,R1.08,G_012,RT1-TP_B1 MARTINI PIERRE
20/10/2025 13:00,20/10/2025 14:00,SAE1.03 TD presentation SAE,D_032,RT1-B HEYRAUD CHRISTOPHE
10/11/2025 08:00,10/11/2025 09:00,SAE1.03 SUIVI,G_007,RT1-TP_B1 HEYRAUD CHRISTOPHE
15/10/2025 08:00,15/10/2025 10:00,R1.07 TP,G_003,RT1-TP_A1 LAURENT NILS
25/09/2025 06:00,25/09/2025 08:00,R1.08,G_012,RT1-TP_B2 MARTINI PIERRE
03/10/2025 06:00,03/10/2025 08:00,R1.02,G_012,RT1-B CHAMBERT CHRISTOPHE
01/12/2025 13:00,01/12/2025 15:00,R1.06,G_003,RT1-B HEYRAUD CHRISTOPHE
29/09/2025 12:00,29/09/2025 14:00,R1.02,G_012,RT1-A AZZOUNI SOUMAYA
08/10/2025 06:00,08/10/2025 08:00,R1.01c,G_012,RT1-B MARTINI PIERRE
16/12/2025 14:00,16/12/2025 15:00,SAE1.02 PROJET,G_012,RT1-TP_A2
02/10/2025 07:45,02/10/2025 10:45,SAE1.01,G_004,RT1-B AZZOUNI SOUMAYA
29/09/2025 06:00,29/09/2025 07:00,R1.12 EN 1ER,D_032,RT1-S1 NEJJAR NABIH
04/11/2025 07:00,04/11/2025 08:00,SAE1.04 TP,G_004,RT1-TP_A2 MATICHARD PIERRE-JEAN
16/09/2025 06:00,16/09/2025 08:00,R1.14,D_028,RT1-B GAULTIER BEATRICE
15/10/2025 06:00,15/10/2025 08:00,SAE1.PORTFOLIO en 1ER,G_003,RT1-TP_B2 MATICHARD PIERRE-JEAN
19/09/2025 14:00,19/09/2025 16:00,SAE1.01,G_010,RT1-TP_A2
06/01/2026 07:00,06/01/2026 09:00,SAE1.02 TP 2H SOUTENANCE,G_007,RT1-TP_A1 CHAMBERT CHRISTOPHE
09/09/2025 07:00,09/09/2025 08:00,SAE1.01 SUIVI,G_007,RT1-TP_B2 AZZOUNI SOUMAYA
10/11/2025 13:00,10/11/2025 15:00,R1.07 TP,G_002,RT1-TP_B1 LAURENT NILS
13/10/2025 11:00,13/10/2025 14:00,R1.02 DS TP,G_002,RT1-TP_B2 AZZOUNI SOUMAYA
06/01/2026 09:00,06/01/2026 10:00,SAE1.05 PROJET B2,G_012,RT1-TP_B2
02/12/2025 15:00,02/12/2025 17:00,R1.04 TP,G_004,RT1-TP_B2 AZZOUNI SOUMAYA
08/10/2025 08:00,08/10/2025 10:00,R1.09,G_003,RT1-TP_A1 MATICHARD PIERRE-JEAN
01/09/2025 10:30,01/09/2025 12:00,Déjeuner - Pique-nique (salle Bonnefille),,RT1-S1
07/01/2026 08:00,07/01/2026 10:00,R1.04 DS TP,G_004,RT1-TP_A1 AZZOUNI SOUMAYA
07/10/2025 12:00,07/10/2025 14:00,R1.01c,G_012,RT1-A MARTINI PIERRE
03/10/2025 14:00,03/10/2025 16:00,R1.02,G_004,RT1-A AZZOUNI SOUMAYA
17/09/2025 06:00,17/09/2025 10:00,R1.01b,G_004,RT1-TP_B1 CHEMINEAU CHRISTOPHE
21/10/2025 12:00,21/10/2025 14:00,R1.01c,G_012,RT1-TP_A1 MARTINI PIERRE
30/09/2025 06:00,30/09/2025 08:00,R1.10,D_028,RT1-B KOTTI IMEN
14/10/2025 10:00,14/10/2025 10:30,Contrôle des Absences - Bureau de Mme Zeryouh,,RT2-S3 RT1-S1 ZERYOUH NEZHA
14/10/2025 06:00,14/10/2025 08:00,R1.01c,G_012,RT1-TP_A2 MARTINI PIERRE
01/12/2025 07:30,01/12/2025 09:00,SAE1.04,D_110,RT1-B MATICHARD PIERRE-JEAN
14/10/2025 08:00,14/10/2025 10:00,R1.01c,G_012,RT1-B MARTINI PIERRE
22/10/2025 12:00,22/10/2025 14:00,SAE1.03,G_007,RT1-TP_B1
05/12/2025 13:00,05/12/2025 17:00,R1.03 DS TP,G_019,RT1-TP_B1 AZZOUNI SOUMAYA
10/12/2025 13:00,10/12/2025 15:00,SAE1.02 PROJET,G_004,RT1-TP_B2
04/11/2025 07:00,04/11/2025 08:00,SAE1.03,G_007,RT1-TP_A1
15/12/2025 07:00,15/12/2025 09:00,SAE1.02 PROJET,G_007,RT1-TP_A1
06/01/2026 07:00,06/01/2026 08:00,SAE1.05 PROJET A2,G_003,RT1-TP_A2
13/01/2026 14:00,13/01/2026 15:00,R1.11 Voltaire B1,D_110,BARNAY FABIENNE RT1-TP_B1
24/10/2025 06:00,24/10/2025 07:00,SAE1.03 SUIVI,G_007,RT1-TP_B2 EL BADAOUI MOHAMED
16/12/2025 09:00,16/12/2025 11:00,R1.12 Soutenance,G_011_AMPHI,RT1-B NEJJAR NABIH
22/10/2025 12:00,22/10/2025 14:00,R1.07 TP,D_110,RT1-TP_B2 EL AMLI AMINE
12/12/2025 09:00,12/12/2025 11:00,R1.10,D_028,RT1-TP_B1 KOTTI IMEN
24/09/2025 14:00,24/09/2025 16:00,R1.15,G_012,RT1-A BOURAMTANE KHALIL
18/11/2025 07:00,18/11/2025 08:00,SAE1.03,G_007,RT1-TP_B1
28/11/2025 07:00,28/11/2025 09:00,R1.13,G_019,RT1-TP_A1 BIARD MATHIEU
16/09/2025 12:00,16/09/2025 13:00,SAE1.01 SUIVI,G_004,RT1-TP_B2 AZZOUNI SOUMAYA
05/11/2025 07:00,05/11/2025 09:00,R1.13 TDA,D_032,RT1-A BIARD MATHIEU
16/09/2025 07:00,16/09/2025 08:00,SAE1.01,G_007,RT1-TP_A2
03/11/2025 15:00,03/11/2025 17:00,R1.14,D_110,RT1-TP_B2 GAULTIER BEATRICE
05/11/2025 07:00,05/11/2025 09:00,R1.07 TP,D_110,RT1-TP_B1 LAURENT NILS
12/09/2025 06:00,12/09/2025 08:00,R1.05,G_004,RT1-A HEYRAUD CHRISTOPHE
28/11/2025 13:00,28/11/2025 15:00,R1.04 TP,G_004,RT1-TP_B2 CHEVRIER JEAN-PIERRE
02/12/2025 13:00,02/12/2025 15:00,R1.11 COMMUNICATION,D_110,RT1-B DIOLEZ JULIE
14/11/2025 10:00,14/11/2025 11:00,SAE1.03,G_007,RT1-TP_B2
16/09/2025 14:00,16/09/2025 16:00,R1.05,D_110,RT1-A HEYRAUD CHRISTOPHE
14/11/2025 08:00,14/11/2025 09:00,SAE1.04 SUIVI PROJET,G_002,RT1-TP_A1 MATICHARD PIERRE-JEAN
05/01/2026 13:00,05/01/2026 14:00,SAE1.02 PROJET,G_012,RT1-TP_B1
07/01/2026 15:00,07/01/2026 16:00,SAE1.05 PROJET B2,G_012,RT1-TP_B2
19/09/2025 07:00,19/09/2025 08:00,VISITE BU (présence OBLIGATOIRE),,RT1-TP_A2 HEYRAUD CHRISTOPHE
17/10/2025 12:00,17/10/2025 14:00,R1.01c,G_012,RT1-TP_B2 MARTINI PIERRE
20/11/2025 07:00,20/11/2025 11:00,R1.03,G_019,RT1-TP_A1 CHEMINEAU CHRISTOPHE
17/12/2025 07:00,17/12/2025 11:00,R1.11 METHODO IA,G_004,RT1-TP_A1 MARTINI PIERRE
04/11/2025 11:00,04/11/2025 11:30,Contrôle des Absences - Bureau de Mme Zeryouh,,RT1-S1 RT2-TP_R_FI RT2-TD_C_(CYBER) RT3-TP_C_FI RT3-T
18/09/2025 06:00,18/09/2025 08:00,R1.05,D_110,RT1-B HEYRAUD CHRISTOPHE
03/12/2025 08:00,03/12/2025 09:00,SAE1.04 PROJET,D_110,RT1-TP_B1
09/01/2026 10:00,09/01/2026 11:00,SAE1.05 PROJET B1,G_007,RT1-TP_B1
15/10/2025 14:00,15/10/2025 16:00,R1.15,D_110,RT1-TP_A2 GUILLOT TIPHANIE
21/11/2025 09:00,21/11/2025 11:00,R1.13 TDA,D_032,RT1-A BIARD MATHIEU
28/11/2025 15:00,28/11/2025 17:00,R1.06,G_003,RT1-A HEYRAUD CHRISTOPHE
13/10/2025 06:00,13/10/2025 08:00,R1.07 TP,G_012,RT1-TP_A2 AZZOUNI SOUMAYA
07/11/2025 15:00,07/11/2025 17:00,R1.07 TP,G_003,RT1-TP_A1 LAURENT NILS
19/12/2025 13:00,19/12/2025 17:00,R1.11 METHODO IA,G_004,RT1-TP_A2 MARTINI PIERRE
14/11/2025 10:00,14/11/2025 11:00,SAE1.04 PROJET,G_012,RT1-TP_A2
25/11/2025 09:00,25/11/2025 11:00,R1.13,G_016,RT1-TP_B2 BIARD MATHIEU GIM equipement Jocker
15/09/2025 08:00,15/09/2025 10:00,R1.14,D_032,RT1-A GAULTIER BEATRICE
09/01/2026 15:00,09/01/2026 17:00,R1.10,D_028,RT1-TP_B1 KOTTI IMEN
18/09/2025 09:00,18/09/2025 10:00,SAE1.01,G_002,RT1-TP_B1
02/12/2025 09:00,02/12/2025 11:00,R1.11 COMMUNICATION,D_110,RT1-A DIOLEZ JULIE
08/10/2025 08:00,08/10/2025 11:00,R1.08 (DS TP),G_012,RT1-TP_A2 MARTINI PIERRE
19/09/2025 13:00,19/09/2025 15:00,SAE1.01,G_002,RT1-TP_B1
13/10/2025 11:00,13/10/2025 13:00,R1.01c,G_012,RT1-A MARTINI PIERRE
17/09/2025 06:00,17/09/2025 08:00,R1.14,D_028,RT1-TP_A1 GAULTIER BEATRICE
26/11/2025 07:00,26/11/2025 09:00,SAE1.03,G_007,RT1-TP_B1
15/09/2025 09:00,15/09/2025 10:00,SAE1.01,G_012,RT1-TP_B1
09/12/2025 13:00,09/12/2025 14:00,SAE1.02 PROJET,G_012,RT1-TP_A1
19/09/2025 14:00,19/09/2025 16:00,SAE1.01,G_003,RT1-TP_A1
03/12/2025 14:00,03/12/2025 15:00,SAE1.02 PROJET,G_012,RT1-TP_B2
08/01/2026 10:00,08/01/2026 11:00,SAE1.05 PROJET A1,G_007,RT1-TP_A1
20/10/2025 08:00,20/10/2025 10:00,R1.01c,G_012,RT1-TP_B2 MARTINI PIERRE
25/09/2025 07:00,25/09/2025 10:00,SAE1.01 Soutenance,D_028,RT1-TP_B1 AZZOUNI SOUMAYA
19/12/2025 11:00,19/12/2025 12:00,R1.11 Voltaire B2,D_028,BARNAY FABIENNE RT1-TP_B2
05/12/2025 16:00,05/12/2025 17:00,SAE1.04 PROJET,G_012,RT1-TP_A1
19/11/2025 13:00,19/11/2025 15:00,R1.10,D_028,RT1-TP_A2 TCHEN CASSANDRA
25/09/2025 08:00,25/09/2025 10:00,R1.08,G_012,RT1-TP_A2 MARTINI PIERRE
21/11/2025 09:00,21/11/2025 11:00,SAE1.03,G_007,RT1-TP_B2
02/12/2025 11:00,02/12/2025 11:30,Contrôle des Absences - Bureau de Mme Zeryouh,,RT2-S3 RT1-S1 ZERYOUH NEZHA
16/12/2025 07:00,16/12/2025 09:00,R1.12 Soutenance,G_011_AMPHI,RT1-A NEJJAR NABIH
25/09/2025 07:00,25/09/2025 08:00,R1.11 Voltaire A2,G_016,BARNAY FABIENNE RT1-TP_A2
12/12/2025 08:00,12/12/2025 09:00,SAE1.02 PROJET,G_012,RT1-TP_B2
09/12/2025 14:00,09/12/2025 15:00,SAE1.02 SUIVI PROJET,G_019,RT1-TP_A2 MATICHARD PIERRE-JEAN
06/11/2025 07:00,06/11/2025 09:00,R1.12 EN 2EME,G_004,RT1-B armoire PC JOKER NEJJAR NABIH
14/11/2025 08:00,14/11/2025 09:00,SAE1.04 PROJET,G_012,RT1-TP_A2
01/10/2025 06:00,01/10/2025 10:00,R1.01b DS TP,G_012,RT1-TP_A1 CHEMINEAU CHRISTOPHE
27/11/2025 07:00,27/11/2025 09:00,R1.04 TP,G_004,RT1-TP_A1 AZZOUNI SOUMAYA
17/10/2025 10:00,17/10/2025 11:00,SAE1.03 TD presentation SAE,G_011_AMPHI,RT1-A HEYRAUD CHRISTOPHE
01/12/2025 07:00,01/12/2025 09:00,R1.12 Présoutenance,D_032,RT1-A NEJJAR NABIH
12/12/2025 09:00,12/12/2025 10:00,SAE1.02 SUIVI PROJET,G_007,RT1-TP_A2 MATICHARD PIERRE-JEAN
23/10/2025 08:00,23/10/2025 10:00,R1.01c,G_012,RT1-TP_A2 MARTINI PIERRE
07/01/2026 07:00,07/01/2026 08:00,SAE1.05 PROJET A2,G_003,RT1-TP_A2
12/12/2025 07:00,12/12/2025 11:00,R1.06,G_002,RT1-TP_A1 CHAMBERT CHRISTOPHE
14/10/2025 12:00,14/10/2025 15:00,R1.02 DS TP,G_002,RT1-TP_B1 CHAMBERT CHRISTOPHE
09/01/2026 09:00,09/01/2026 10:00,SAE1.05 PROJET B1,G_007,RT1-TP_B1
07/11/2025 14:00,07/11/2025 15:00,SAE1.04 PROJET,G_012,RT1-TP_A2
24/09/2025 12:00,24/09/2025 16:00,R1.01b,G_003,RT1-TP_B1 CHEMINEAU CHRISTOPHE
06/01/2026 08:00,06/01/2026 09:00,SAE1.05 SUIVI PROJET,G_003,RT1-TP_A2 BIARD MATHIEU
19/12/2025 13:00,19/12/2025 17:00,SAE1.02 TP 4H,G_019,RT1-TP_B1 CHAMBERT CHRISTOPHE
24/09/2025 08:00,24/09/2025 10:00,R1.08,G_012,RT1-TP_B2 MARTINI PIERRE
18/09/2025 08:00,18/09/2025 10:00,SAE1.01,G_007,RT1-TP_A2
05/01/2026 07:00,05/01/2026 09:00,R1.04 DS TP,G_004,RT1-TP_A2 AZZOUNI SOUMAYA
14/10/2025 14:00,14/10/2025 16:00,R1.07 TP,G_004,RT1-TP_A2 AZZOUNI SOUMAYA
24/10/2025 13:00,24/10/2025 15:00,R1.07 TP,G_003,RT1-TP_B2 EL AMLI AMINE
11/09/2025 08:00,11/09/2025 10:00,R1.08,G_012,RT1-B MARTINI PIERRE
07/11/2025 15:00,07/11/2025 17:00,R1.14,G_012,RT1-TP_B1 GAULTIER BEATRICE
23/09/2025 08:00,23/09/2025 10:00,R1.07,G_016,RT1-B LAURENT NILS
13/10/2025 13:00,13/10/2025 14:00,R1.11 Voltaire A2,G_016,BARNAY FABIENNE RT1-TP_A2
27/11/2025 09:00,27/11/2025 11:00,R1.13,D_110,RT1-TP_A1 BIARD MATHIEU
09/01/2026 13:00,09/01/2026 17:00,SAE1.04 TP Présentation orale,G_012,RT1-TP_A2 MATICHARD PIERRE-JEAN
21/11/2025 07:00,21/11/2025 11:00,R1.03,G_019,RT1-TP_B1 AZZOUNI SOUMAYA
09/01/2026 09:00,09/01/2026 10:00,SAE1.02 SUIVI PROJET,G_012,RT1-TP_A2 MATICHARD PIERRE-JEAN
06/01/2026 10:00,06/01/2026 11:00,SAE1.02 SUIVI PROJET,G_007,RT1-TP_A1 CHAMBERT CHRISTOPHE
02/09/2025 12:00,02/09/2025 14:00,R1.11 COMMUNICATION,D_028,RT1-B DIOLEZ JULIE
11/12/2025 09:00,11/12/2025 10:30,R1.11 METHODO IA,G_003,RT1-A MARTINI PIERRE
17/10/2025 09:00,17/10/2025 11:00,R1.01c,G_012,RT1-TP_B2 MARTINI PIERRE
08/12/2025 14:00,08/12/2025 15:00,SAE1.02 SUIVI PROJET,G_007,RT1-TP_B1 CHAMBERT CHRISTOPHE
12/11/2025 14:00,12/11/2025 15:00,SAE1.04 PROJET,D_110,RT1-TP_A1
06/01/2026 10:00,06/01/2026 11:00,SAE1.05 SUIVI PROJET,G_012,RT1-TP_B2 BIARD MATHIEU
20/10/2025 06:00,20/10/2025 08:00,R1.14,D_028,RT1-A GAULTIER BEATRICE
08/12/2025 07:00,08/12/2025 09:00,R1.06,D_032,RT1-A HEYRAUD CHRISTOPHE
10/12/2025 13:00,10/12/2025 15:00,R1.10,D_026,RT1-TP_A2 TCHEN CASSANDRA
03/09/2025 12:00,03/09/2025 14:00,R1.14,A_021 amphi,RT1-S1 GAULTIER BEATRICE
16/12/2025 11:00,16/12/2025 11:30,Contrôle des Absences - Bureau de Mme Zeryouh,,RT2-S3 RT1-S1 ZERYOUH NEZHA
07/01/2026 09:00,07/01/2026 10:00,SAE1.05 PROJET A2,G_003,RT1-TP_A2
10/10/2025 08:00,10/10/2025 10:00,SAE1.PORTFOLIO en 1ER,G_012,RT1-TP_B1 MATICHARD PIERRE-JEAN
20/11/2025 08:00,20/11/2025 10:00,SAE1.03,G_007,RT1-TP_A2
08/01/2026 13:00,08/01/2026 17:00,Soutien RT1-RT2 (Non Obligatoire),"D_110\,G_003\,G_004\,G_007\,D_028\,D_026\,D_032",RT1-S1
09/01/2026 14:00,09/01/2026 15:00,SAE1.05 PROJET B1,G_007,RT1-TP_B1
14/11/2025 13:00,14/11/2025 15:00,R1.15 DS 2H,G_011_AMPHI,RT1-S1 GUILLOT TIPHANIE
03/11/2025 09:00,03/11/2025 10:00,SAE1.03 SUIVI,G_007,RT1-TP_B1 HEYRAUD CHRISTOPHE
06/11/2025 07:00,06/11/2025 09:00,R1.07 TP,G_019,RT1-TP_A2 AZZOUNI SOUMAYA
13/11/2025 10:00,13/11/2025 11:00,SAE1.04 PROJET,G_007,RT1-TP_B1
08/12/2025 15:00,08/12/2025 16:00,SAE1.02 PROJET,G_007,RT1-TP_B1
28/11/2025 12:00,28/11/2025 15:00,SAE1.03 SOUTENANCE,D_026,RT1-TP_B1 HEYRAUD CHRISTOPHE
30/09/2025 11:00,30/09/2025 14:00,R1.05,G_007,RT1-TP_A2 HEYRAUD CHRISTOPHE
25/09/2025 07:00,25/09/2025 10:00,R1.05,G_007,RT1-TP_A1 HEYRAUD CHRISTOPHE
10/12/2025 15:00,10/12/2025 17:00,R1.13,D_110,RT1-TP_A2 GRIZONNET YANN
22/10/2025 06:00,22/10/2025 08:00,R1.15,D_110,RT1-TP_B2 GUILLOT TIPHANIE
19/12/2025 09:00,19/12/2025 10:00,SAE1.05 PROJET A1,G_007,RT1-TP_A1
03/12/2025 15:00,03/12/2025 17:00,R1.13,G_010,RT1-TP_B1 GRIZONNET YANN
05/01/2026 09:00,05/01/2026 11:00,R1.10,D_026,RT1-TP_A2 TCHEN CASSANDRA
14/11/2025 07:00,14/11/2025 08:00,SAE1.04 PROJET,G_002,RT1-TP_A1
21/10/2025 08:00,21/10/2025 10:00,R1.07 TP,D_110,RT1-TP_B2 EL AMLI AMINE
15/09/2025 14:00,15/09/2025 16:00,R1.08,G_012,RT1-TP_B1 MARTINI PIERRE
23/09/2025 06:00,23/09/2025 08:00,R1.14,D_028,RT1-B GAULTIER BEATRICE
16/12/2025 15:00,16/12/2025 16:00,SAE1.02 PROJET,G_019,RT1-TP_B1
14/11/2025 15:00,14/11/2025 16:30,SAE1.04,G_012,RT1-B MATICHARD PIERRE-JEAN
07/01/2026 14:00,07/01/2026 15:00,SAE1.05 SUIVI PROJET,G_007,RT1-TP_B1 BIARD MATHIEU
12/09/2025 08:00,12/09/2025 10:00,R1.05,G_004,RT1-B HEYRAUD CHRISTOPHE
21/10/2025 06:00,21/10/2025 08:00,R1.14,G_007,RT1-TP_A2 armoire PC JOKER GAULTIER BEATRICE
24/11/2025 15:00,24/11/2025 17:00,R1.12 EN 2EME,D_110,RT1-A armoire PC JOKER NEJJAR NABIH
12/09/2025 14:00,12/09/2025 16:00,R1.08,G_012,RT1-TP_A2 MARTINI PIERRE
19/11/2025 15:00,19/11/2025 17:00,R1.13 TDB,D_032,RT1-B GRIZONNET YANN
05/09/2025 12:00,05/09/2025 14:00,R1.10,D_028,RT1-B KOTTI IMEN
22/09/2025 06:00,22/09/2025 08:00,R1.10,D_026,RT1-B KOTTI IMEN
18/11/2025 08:00,18/11/2025 09:00,présentation TEDS,D_110,RT1-TP_B1
28/11/2025 15:00,28/11/2025 17:00,R1.04 TP,G_004,RT1-TP_B2 CHEVRIER JEAN-PIERRE
13/11/2025 07:00,13/11/2025 08:00,SAE1.03 SUIVI,G_007,RT1-TP_A2 HEYRAUD CHRISTOPHE
21/10/2025 06:00,21/10/2025 08:00,R1.09,G_019,RT1-TP_A1 MATICHARD PIERRE-JEAN (
09/01/2026 09:00,09/01/2026 10:00,SAE1.05 PROJET A1,G_004,RT1-TP_A1
28/11/2025 13:00,28/11/2025 15:00,R1.13,D_110,RT1-TP_A2 GRIZONNET YANN
03/09/2025 08:00,03/09/2025 10:00,R1.01b,D_032,RT1-S1 AZZOUNI SOUMAYA
05/01/2026 07:00,05/01/2026 11:00,R1.06,G_002,RT1-TP_B2 CHAMBERT CHRISTOPHE
25/11/2025 15:00,25/11/2025 17:00,R1.06,D_032,RT1-B HEYRAUD CHRISTOPHE
12/11/2025 15:00,12/11/2025 17:00,R1.13 TDA,D_032,RT1-A BIARD MATHIEU
18/12/2025 07:00,18/12/2025 09:00,SAE1.02 TP 2H SOUTENANCE,G_019,RT1-TP_B2 MATICHARD PIERRE-JEAN
05/11/2025 15:00,05/11/2025 17:00,R1.13 TDA,D_032,RT1-A BIARD MATHIEU
14/10/2025 12:00,14/10/2025 14:00,R1.14,D_028,RT1-TP_A1 GAULTIER BEATRICE
08/09/2025 06:00,08/09/2025 08:00,R1.01b,D_110,RT1-A AZZOUNI SOUMAYA
19/11/2025 09:00,19/11/2025 11:00,SAE1.03,G_007,RT1-TP_B1
08/01/2026 08:00,08/01/2026 09:00,SAE1.05 PROJET A1,G_007,RT1-TP_A1
13/10/2025 06:00,13/10/2025 08:00,R1.10,D_028,RT1-B KOTTI IMEN
02/09/2025 06:00,02/09/2025 08:00,R1.08,A_021 amphi,RT1-S1 MARTINI PIERRE
18/12/2025 09:00,18/12/2025 10:00,SAE1.02 SUIVI PROJET,G_019,RT1-TP_B2 MATICHARD PIERRE-JEAN
02/12/2025 09:00,02/12/2025 11:00,R1.04 TP,G_004,RT1-TP_B1 AZZOUNI SOUMAYA
22/09/2025 12:00,22/09/2025 14:00,R1.08,G_012,RT1-TP_B1 MARTINI PIERRE
12/11/2025 07:00,12/11/2025 09:00,R1.07 DS TP 2H,G_010,RT1-TP_B2 EL AMLI AMINE
23/09/2025 06:00,23/09/2025 08:00,R1.08,G_012,RT1-TP_A1 MARTINI PIERRE
12/11/2025 09:00,12/11/2025 11:00,R1.07 DS TP 2H,G_007,RT1-TP_A2 AZZOUNI SOUMAYA
09/10/2025 06:00,09/10/2025 10:00,R1.02,G_019,RT1-TP_B1 CHAMBERT CHRISTOPHE
23/10/2025 08:00,23/10/2025 10:00,R1.07 TP,G_004,RT1-TP_A1 LAURENT NILS
16/09/2025 14:00,16/09/2025 16:00,R1.08,G_012,RT1-TP_B2 MARTINI PIERRE
06/10/2025 08:00,06/10/2025 10:00,R1.10,D_028,RT1-A TCHEN CASSANDRA
17/11/2025 09:00,17/11/2025 10:30,R1.10,D_032,RT1-A TCHEN CASSANDRA
12/11/2025 07:00,12/11/2025 09:00,SAE1.PORTFOLIO,G_019,MATICHARD PIERRE-JEAN RT1-TP_A1
14/11/2025 12:00,14/11/2025 13:00,R1.11 Voltaire B2,G_003,BARNAY FABIENNE RT1-TP_B2
16/12/2025 14:00,16/12/2025 15:00,SAE1.02 PROJET,G_007,RT1-TP_A1
05/12/2025 13:00,05/12/2025 14:00,SAE1.04 PROJET,G_004,RT1-TP_A2
04/11/2025 13:00,04/11/2025 15:00,R1.03,D_110,RT1-A AZZOUNI SOUMAYA
15/10/2025 08:00,15/10/2025 10:00,R1.07 TP,G_012,RT1-TP_A2 AZZOUNI SOUMAYA
13/10/2025 12:00,13/10/2025 14:00,R1.14,D_028,RT1-TP_B1 GAULTIER BEATRICE
10/11/2025 13:00,10/11/2025 17:00,R1.03,G_019,RT1-TP_A2 MATICHARD PIERRE-JEAN
06/01/2026 13:00,06/01/2026 15:00,SAE1.02 TP 2H SOUTENANCE,G_003,RT1-TP_B1 CHAMBERT CHRISTOPHE
04/09/2025 06:00,04/09/2025 08:00,R1.01b,G_011_AMPHI,RT1-S1 AZZOUNI SOUMAYA
11/12/2025 13:00,11/12/2025 17:00,Soutien RT1-RT2 (Non Obligatoire),"G_002\,D_110\,G_003\,G_007\,D_028\,D_026\,D_032",RT1-S1
20/11/2025 10:00,20/11/2025 11:00,SAE1.03,G_007,RT1-TP_A2
29/09/2025 09:00,29/09/2025 10:00,Election délégués RT1,G_012,RT1-S1 BONNARDOT FREDERIC
19/12/2025 07:00,19/12/2025 11:00,R1.11 METHODO IA,G_004,RT1-TP_B2 MARTINI PIERRE (
14/10/2025 12:00,14/10/2025 14:00,R1.01c,G_012,RT1-TP_B2 MARTINI PIERRE
06/01/2026 15:00,06/01/2026 17:00,SAE1.05 PROJET A2,G_012,RT1-TP_A2
24/11/2025 07:00,24/11/2025 09:00,R1.10,D_028,RT1-TP_B1 KOTTI IMEN
24/11/2025 15:00,24/11/2025 17:00,R1.13,G_003,RT1-TP_B2 BIARD MATHIEU GIM equipement Jocker
26/09/2025 09:00,26/09/2025 10:00,R1.15,B_203 salle informatique,RT1-TP_B2 BOURAMTANE KHALIL
16/09/2025 13:00,16/09/2025 14:00,SAE1.01,G_004,RT1-TP_B2
17/12/2025 15:00,17/12/2025 16:00,SAE1.02 PROJET,G_007,RT1-TP_A1
02/09/2025 13:00,02/09/2025 14:00,SAE1.01 MIPE,G_016,RT1-A BIARD MATHIEU
05/12/2025 15:00,05/12/2025 16:00,SAE1.04 PROJET,G_012,RT1-TP_A1
13/01/2026 13:00,13/01/2026 14:00,R1.10,D_028,RT1-TP_B1 KOTTI IMEN
29/09/2025 10:30,29/09/2025 12:00,R1.12 Préparation pour un Job Etudiant (pour les volontaires !!!),G_004,RT1-S1 BARNAY FABIENNE
16/12/2025 13:00,16/12/2025 14:00,SAE1.02 SUIVI PROJET,G_007,RT1-TP_A1 CHAMBERT CHRISTOPHE
26/09/2025 08:00,26/09/2025 10:00,R1.09,G_004,RT1-A MATICHARD PIERRE-JEAN
20/11/2025 09:00,20/11/2025 11:00,Développer ses compétences informationnelles - autonomie,G_004,RT1-TP_B1
19/11/2025 07:00,19/11/2025 09:00,R1.13 TDA,D_032,RT1-A BIARD MATHIEU
07/11/2025 08:00,07/11/2025 09:00,SAE1.04 SUIVI PROJET,G_019,RT1-TP_B1 MATICHARD PIERRE-JEAN
17/10/2025 08:00,17/10/2025 10:00,R1.13 TDA,D_026,RT1-A BIARD MATHIEU
07/11/2025 15:00,07/11/2025 17:00,SAE1.PORTFOLIO,D_110,MATICHARD PIERRE-JEAN RT1-TP_A2
06/10/2025 12:00,06/10/2025 16:00,R1.02,G_007,RT1-TP_B2 AZZOUNI SOUMAYA
18/12/2025 07:00,18/12/2025 11:00,R1.11 METHODO IA,G_004,RT1-TP_B1 MARTINI PIERRE
17/09/2025 12:00,17/09/2025 16:00,R1.01b,G_004,RT1-TP_A1 CHEMINEAU CHRISTOPHE (
17/10/2025 14:00,17/10/2025 16:00,R1.09,G_019,RT1-TP_B2 LLORCA MAUD
24/10/2025 08:00,24/10/2025 10:00,R1.07 TP,G_004,RT1-TP_B1 LAURENT NILS
26/09/2025 08:00,26/09/2025 09:00,R1.15,B_203 salle informatique,RT1-TP_B1 BOURAMTANE KHALIL
10/10/2025 06:00,10/10/2025 10:00,R1.02,G_019,RT1-TP_A2 AZZOUNI SOUMAYA
22/09/2025 10:00,22/09/2025 11:00,SAE1.01,G_019,RT1-TP_A2
02/12/2025 13:00,02/12/2025 15:00,R1.04 TP,G_004,RT1-TP_A2 AZZOUNI SOUMAYA
09/10/2025 06:00,09/10/2025 08:00,R1.12 EN 2EME,G_012,RT1-A NEJJAR NABIH Armoire PC portable
10/11/2025 13:00,10/11/2025 15:00,R1.10,D_026,RT1-TP_B2 KOTTI IMEN
22/10/2025 08:00,22/10/2025 10:00,R1.01c,G_012,RT1-TP_B2 MARTINI PIERRE
24/11/2025 09:00,24/11/2025 11:00,SAE1.03,G_007,RT1-TP_A2
15/10/2025 06:00,15/10/2025 08:00,R1.15,G_004,RT1-A GUILLOT TIPHANIE
16/09/2025 10:00,16/09/2025 10:30,Contrôle des Absences - Bureau de Mme Zeryouh,,RT2-S3 RT1-S1 RT3-S5 ZERYOUH NEZHA
16/12/2025 14:00,16/12/2025 15:00,SAE1.02 SUIVI PROJET,G_019,RT1-TP_B1 CHAMBERT CHRISTOPHE
10/09/2025 06:00,10/09/2025 08:00,R1.01b,G_004,RT1-A AZZOUNI SOUMAYA
01/10/2025 14:00,01/10/2025 16:00,R1.15,G_016,RT1-A GUILLOT TIPHANIE
10/11/2025 09:00,10/11/2025 10:00,SAE1.03 SUIVI,G_007,RT1-TP_A1 HEYRAUD CHRISTOPHE
03/10/2025 12:00,03/10/2025 14:00,R1.09,G_003,RT1-TP_B1 LLORCA MAUD
27/11/2025 09:00,27/11/2025 11:00,R1.04 TP,G_004,RT1-TP_A2 AZZOUNI SOUMAYA
10/11/2025 15:00,10/11/2025 17:00,R1.07 TP,G_007,RT1-TP_A1 LAURENT NILS
02/12/2025 08:00,02/12/2025 09:00,SAE1.04 PROJET,G_003,RT1-TP_B1
29/09/2025 12:00,29/09/2025 14:00,R1.02,G_004,RT1-B CHAMBERT CHRISTOPHE
21/11/2025 08:00,21/11/2025 09:00,SAE1.03,G_007,RT1-TP_B2
12/11/2025 09:00,12/11/2025 11:00,R1.03,G_004,RT1-B CHEMINEAU CHRISTOPHE
20/11/2025 07:00,20/11/2025 08:00,SAE1.03 SUIVI,G_007,RT1-TP_A2 HEYRAUD CHRISTOPHE
12/01/2026 09:00,12/01/2026 11:00,R1.10,D_028,RT1-TP_A1 TCHEN CASSANDRA
28/11/2025 07:00,28/11/2025 09:00,R1.04 TP,G_004,RT1-TP_A2 AZZOUNI SOUMAYA
26/11/2025 13:00,26/11/2025 15:00,SAE1.03,G_007,RT1-TP_B2
12/01/2026 07:00,12/01/2026 11:00,SAE1.05 4H PRESENTATION ORALE,D_110,RT1-TP_B1 BIARD MATHIEU
11/09/2025 06:00,11/09/2025 08:00,R1.01b,D_110,RT1-B CHAMBERT CHRISTOPHE
17/09/2025 12:00,17/09/2025 14:00,R1.08,G_012,RT1-TP_B1 MARTINI PIERRE
26/11/2025 13:00,26/11/2025 15:00,R1.04 TP,G_004,RT1-TP_B1 AZZOUNI SOUMAYA
10/11/2025 09:00,10/11/2025 11:00,R1.07 TP,D_110,RT1-TP_A2 AZZOUNI SOUMAYA
21/10/2025 06:00,21/10/2025 08:00,R1.01c,G_012,RT1-TP_B1 MARTINI PIERRE
21/11/2025 15:00,21/11/2025 17:00,R1.04 TP,G_004,RT1-TP_A1 CHEVRIER JEAN-PIERRE
03/12/2025 13:00,03/12/2025 17:00,R1.03 DS TP,G_019,RT1-TP_A1 CHEMINEAU CHRISTOPHE 23032352d3230323653542d455449454e4e452d32383732392d302d30
09/12/2025 14:00,09/12/2025 15:00,SAE1.02 SUIVI PROJET,G_012,RT1-TP_A1 CHAMBERT CHRISTOPHE
07/11/2025 08:00,07/11/2025 09:00,SAE1.03,G_007,RT1-TP_B2
23/10/2025 12:00,23/10/2025 16:00,Soutien RT1-RT2 (Non Obligatoire),"G_002\,D_110\,G_003\,G_019\,G_004\,G_007\,G_012",RT1-S1
12/01/2026 07:00,12/01/2026 09:00,R1.10,D_028,RT1-TP_B2 KOTTI IMEN
04/11/2025 09:00,04/11/2025 11:00,SAE1.PORTFOLIO,D_110,MATICHARD PIERRE-JEAN RT1-TP_B1
14/01/2026 13:00,14/01/2026 14:00,R1.11 Voltaire A2,D_110,BARNAY FABIENNE RT1-TP_A2
25/11/2025 13:00,25/11/2025 14:30,"CONFERENCE R&T - ""Différentes facettes de la cybersécurité"" - Pré",F_024 Amphi,RT1-S1 RT2-S3 RT3-TP_C_FI RT3-TP_R_FI NEJJAR NABIH (
22/09/2025 14:00,22/09/2025 16:00,R1.14,D_032,RT1-A GAULTIER BEATRICE
02/10/2025 06:00,02/10/2025 09:00,R1.05,G_007,RT1-TP_A1 HEYRAUD CHRISTOPHE
24/10/2025 08:00,24/10/2025 10:00,R1.13 TDA,D_032,RT1-A BIARD MATHIEU
05/11/2025 15:00,05/11/2025 17:00,R1.07 TP,D_110,RT1-TP_B1 LAURENT NILS
22/09/2025 12:00,22/09/2025 14:00,R1.09,D_110,RT1-A MATICHARD PIERRE-JEAN
14/10/2025 08:00,14/10/2025 10:00,R1.14,D_026,RT1-TP_A2 armoire PC JOKER GAULTIER BEATRICE
20/11/2025 09:00,20/11/2025 10:00,SAE1.04 SUIVI PROJET,G_010,RT1-TP_B2 MATICHARD PIERRE-JEAN
17/10/2025 12:00,17/10/2025 14:00,R1.09,G_019,RT1-TP_A2 LLORCA MAUD
12/11/2025 15:00,12/11/2025 17:00,R1.13 TDB,D_028,RT1-B GRIZONNET YANN
17/12/2025 13:00,17/12/2025 15:00,SAE1.05 PROJET B2,D_110b,RT1-TP_B2
09/12/2025 15:00,09/12/2025 16:00,SAE1.02 SUIVI PROJET,G_012,RT1-TP_B1 CHAMBERT CHRISTOPHE
09/12/2025 07:00,09/12/2025 09:00,SAE1.02 PROJET,G_004,RT1-TP_A1
26/09/2025 06:00,26/09/2025 07:00,R1.15,B_203 salle informatique,RT1-TP_A1 BOURAMTANE KHALIL
02/12/2025 15:00,02/12/2025 17:00,SAE1.02 PROJET,G_019,RT1-TP_B1
07/10/2025 10:00,07/10/2025 10:30,Contrôle des Absences - Bureau de Mme Zeryouh,,RT2-S3 RT1-S1 RT3-S5 ZERYOUH NEZHA
22/10/2025 12:00,22/10/2025 14:00,R1.01c,G_012,RT1-TP_A2 MARTINI PIERRE
08/12/2025 09:00,08/12/2025 11:00,R1.10,D_026,RT1-TP_A1 TCHEN CASSANDRA
25/11/2025 09:00,25/11/2025 11:00,R1.04 TP,G_004,RT1-TP_B1 AZZOUNI SOUMAYA
10/09/2025 06:00,10/09/2025 08:00,R1.08,G_012,RT1-B MARTINI PIERRE
05/12/2025 14:00,05/12/2025 15:00,SAE1.02 PROJET,G_012,RT1-TP_A1
20/10/2025 12:00,20/10/2025 14:00,R1.10,D_028,RT1-A TCHEN CASSANDRA
24/09/2025 06:00,24/09/2025 10:00,R1.01b,G_003,RT1-TP_A1 CHEMINEAU CHRISTOPHE
14/01/2026 07:00,14/01/2026 11:00,SAE1.05 4H PRESENTATION ORALE,B_206 salle TD,RT1-TP_B2 BIARD MATHIEU
20/10/2025 14:00,20/10/2025 15:00,SAE1.03 SUIVI,G_007,RT1-TP_A1 HEYRAUD CHRISTOPHE
09/01/2026 07:00,09/01/2026 09:00,SAE1.05 PROJET A1,G_004,RT1-TP_A1
12/11/2025 07:00,12/11/2025 09:00,SAE1.03,G_007,RT1-TP_A2
09/01/2026 10:00,09/01/2026 11:00,SAE1.02 SUIVI PROJET,G_012,RT1-TP_A2 MATICHARD PIERRE-JEAN
29/09/2025 07:00,29/09/2025 09:00,R1.02,D_032,RT1-S1 AZZOUNI SOUMAYA
08/01/2026 09:00,08/01/2026 10:00,SAE1.05 SUIVI PROJET,G_003,RT1-TP_B2 BIARD MATHIEU
21/11/2025 13:00,21/11/2025 15:00,R1.06,A_019 amphi,RT1-S1 HEYRAUD CHRISTOPHE
26/09/2025 14:00,26/09/2025 16:00,R1.04 ELECTRONIQUE,D_032,RT1-A AZZOUNI SOUMAYA
07/10/2025 14:00,07/10/2025 16:00,R1.07,G_012,RT1-A LAURENT NILS
06/01/2026 07:00,06/01/2026 11:00,SAE1.04 TP Présentation orale,D_110,RT1-TP_B1 MATICHARD PIERRE-JEAN
24/11/2025 07:00,24/11/2025 09:00,R1.04 TP,G_004,RT1-TP_B2 AZZOUNI SOUMAYA
10/10/2025 11:00,10/10/2025 14:00,R1.08 (DS TP),G_012,RT1-TP_B2 MARTINI PIERRE
04/12/2025 07:30,04/12/2025 09:00,R1.11 METHODO IA,D_110,RT1-B MARTINI PIERRE
12/11/2025 07:00,12/11/2025 09:00,R1.07 DS TP 2H,G_002,RT1-TP_B1 LAURENT NILS
07/01/2026 13:00,07/01/2026 15:00,SAE1.05 PROJET B2,G_012,RT1-TP_B2
21/10/2025 14:00,21/10/2025 16:00,Développer ses compétences informationnelles,G_002,RT1-TP_B2 BIARD MATHIEU
05/09/2025 12:00,05/09/2025 14:00,R1.08,G_012,RT1-A MARTINI PIERRE
07/10/2025 12:00,07/10/2025 16:00,R1.02,G_002,RT1-TP_B2 AZZOUNI SOUMAYA
20/11/2025 13:00,20/11/2025 17:00,Soutien RT1-RT2 (Non Obligatoire),"G_002\,D_110\,G_019\,G_007\,D_028\,D_026\,D_032",RT1-S1
21/10/2025 08:00,21/10/2025 10:00,R1.07 TP,G_007,RT1-TP_B1 LAURENT NILS
28/11/2025 13:00,28/11/2025 15:00,Développer ses compétences informationnelles - autonomie,G_007,RT1-TP_A1
05/11/2025 09:00,05/11/2025 11:00,R1.03,G_004,RT1-B CHEMINEAU CHRISTOPHE
15/09/2025 12:00,15/09/2025 14:00,R1.08,G_012,RT1-TP_B2 MARTINI PIERRE
21/10/2025 14:00,21/10/2025 16:00,R1.01c,G_012,RT1-TP_A2 MARTINI PIERRE
12/01/2026 10:00,12/01/2026 11:00,SAE1.05 PROJET A2,G_012,RT1-TP_A2
26/11/2025 13:00,26/11/2025 15:00,R1.13,D_110,RT1-TP_A2 GRIZONNET YANN
15/09/2025 13:00,15/09/2025 14:00,Présentation Vie de Campus,,RT1-A
19/11/2025 13:00,19/11/2025 15:00,R1.04 ELECTRONIQUE,D_026,RT1-B AZZOUNI SOUMAYA
04/11/2025 10:00,04/11/2025 11:00,SAE1.04 PROJET,G_007,RT1-TP_B2
25/09/2025 06:00,25/09/2025 07:00,R1.11 Voltaire B1,G_016,BARNAY FABIENNE RT1-TP_B1
09/01/2026 07:00,09/01/2026 09:00,SAE1.02 TP 2H SOUTENANCE,G_012,RT1-TP_A2 MATICHARD PIERRE-JEAN
20/10/2025 08:00,20/10/2025 10:00,R1.14,D_110,RT1-TP_A1 GAULTIER BEATRICE
26/11/2025 07:00,26/11/2025 11:00,R1.03,G_019,RT1-TP_B2 CHEMINEAU CHRISTOPHE
03/10/2025 12:00,03/10/2025 14:00,R1.08,G_012,RT1-TP_B2 MARTINI PIERRE
03/10/2025 14:00,03/10/2025 16:00,R1.09,G_003,RT1-TP_B2 LLORCA MAUD
08/09/2025 08:00,08/09/2025 10:00,R1.14,D_028,RT1-A GAULTIER BEATRICE
05/11/2025 09:00,05/11/2025 11:00,R1.07 TP,G_019,RT1-TP_A2 AZZOUNI SOUMAYA
03/12/2025 07:00,03/12/2025 09:00,R1.04 TP,G_004,RT1-TP_A2 AZZOUNI SOUMAYA
15/12/2025 13:00,15/12/2025 15:00,R1.11 COMMUNICATION,D_110,RT1-B DIOLEZ JULIE
25/09/2025 06:00,25/09/2025 07:00,SAE1.01 SUIVI,G_007,RT1-TP_A1 AZZOUNI SOUMAYA
15/10/2025 14:00,15/10/2025 16:00,R1.13 TDB,D_028,RT1-B GRIZONNET YANN
30/09/2025 06:00,30/09/2025 08:00,R1.14,D_032,RT1-A GAULTIER BEATRICE
11/12/2025 11:00,11/12/2025 12:00,R1.06 (DS),G_011_AMPHI,RT1-S1 HEYRAUD CHRISTOPHE
24/09/2025 12:00,24/09/2025 16:00,R1.01b,G_007,RT1-TP_B2 LAURENT NILS
16/10/2025 06:00,16/10/2025 07:00,R1.11 Voltaire A1,D_110,BARNAY FABIENNE RT1-TP_A1
24/09/2025 12:00,24/09/2025 14:00,R1.08,G_012,RT1-TP_A1 MARTINI PIERRE
24/11/2025 13:00,24/11/2025 15:00,R1.11 METHODO,D_028,RT1-A BARNAY FABIENNE
03/10/2025 08:00,03/10/2025 10:00,R1.02,G_012,RT1-A AZZOUNI SOUMAYA
16/12/2025 16:00,16/12/2025 17:00,SAE1.02 PROJET,G_019,RT1-TP_B1
17/11/2025 16:00,17/11/2025 17:00,SAE1.04 PROJET,G_004,RT1-TP_B1
03/12/2025 09:00,03/12/2025 11:00,R1.04 TP,G_004,RT1-TP_B1 AZZOUNI SOUMAYA
18/09/2025 08:00,18/09/2025 09:00,Présentation Vie de Campus,,RT1-B
16/09/2025 08:00,16/09/2025 10:00,R1.08,G_012,RT1-TP_B1 MARTINI PIERRE
08/12/2025 07:00,08/12/2025 09:00,R1.10,D_026,RT1-TP_B2 KOTTI IMEN
17/09/2025 14:00,17/09/2025 16:00,R1.14,D_026,RT1-TP_B1 GAULTIER BEATRICE
21/10/2025 06:00,21/10/2025 08:00,R1.07 TP,D_110,RT1-TP_B2 EL AMLI AMINE
07/11/2025 07:00,07/11/2025 08:00,SAE1.04 TP,G_003,RT1-TP_A1 MATICHARD PIERRE-JEAN
19/11/2025 13:00,19/11/2025 17:00,R1.03,G_019,RT1-TP_A1 CHEMINEAU CHRISTOPHE
05/11/2025 13:00,05/11/2025 15:00,R1.03,G_004,RT1-B CHEMINEAU CHRISTOPHE
15/12/2025 13:00,15/12/2025 15:00,SAE1.05 TP 2H,G_007,RT1-TP_A1 BIARD MATHIEU
07/01/2026 09:00,07/01/2026 10:00,SAE1.05 PROJET B1,G_007,RT1-TP_B1
01/10/2025 12:00,01/10/2025 16:00,R1.01b DS TP,G_004,RT1-TP_B2 LAURENT NILS
08/12/2025 07:00,08/12/2025 09:00,R1.13,D_110,RT1-TP_B1 GRIZONNET YANN
15/09/2025 12:00,15/09/2025 13:00,R1.04 PRE QCM,D_110,RT1-A CHAMBERT CHRISTOPHE
05/12/2025 07:00,05/12/2025 09:00,R1.13 (ds),G_011_AMPHI,RT1-S1 BIARD MATHIEU
10/09/2025 12:00,10/09/2025 14:00,R1.13,A_021 amphi,RT1-S1 BIARD MATHIEU
16/09/2025 15:00,16/09/2025 16:00,SAE1.01,G_003,RT1-TP_B1
06/11/2025 09:00,06/11/2025 11:00,R1.03,D_110,RT1-A AZZOUNI SOUMAYA
22/10/2025 06:00,22/10/2025 08:00,R1.01c,G_012,RT1-TP_A1 MARTINI PIERRE
05/12/2025 14:00,05/12/2025 15:00,SAE1.04 PROJET,G_004,RT1-TP_A2
10/11/2025 13:00,10/11/2025 15:00,SAE1.03,G_007,RT1-TP_A1
17/10/2025 06:30,17/10/2025 08:00,R1.07,G_003,RT1-A LAURENT NILS
24/09/2025 06:00,24/09/2025 10:00,R1.01b,D_110,RT1-TP_A2 LAURENT NILS
15/09/2025 13:00,15/09/2025 14:00,SAE1.01,G_004,RT1-TP_B1
01/10/2025 06:00,01/10/2025 10:00,R1.01b DS TP,G_004,RT1-TP_A2 LAURENT NILS
10/11/2025 09:00,10/11/2025 11:00,R1.13 TDB,D_028,RT1-B GRIZONNET YANN
19/09/2025 08:00,19/09/2025 10:00,R1.08,G_012,RT1-TP_A2 MARTINI PIERRE
12/09/2025 12:00,12/09/2025 14:00,R1.08,G_012,RT1-TP_A1 MARTINI PIERRE
02/09/2025 14:00,02/09/2025 16:00,R1.04 PRE,D_028,RT1-A CHAMBERT CHRISTOPHE
02/12/2025 07:00,02/12/2025 09:00,R1.04 TP,G_004,RT1-TP_B2 AZZOUNI SOUMAYA
20/10/2025 08:00,20/10/2025 10:00,R1.07 TP,G_003,RT1-TP_B1 LAURENT NILS
04/11/2025 14:30,04/11/2025 16:30,R1.14,D_028,RT1-B GAULTIER BEATRICE
02/12/2025 14:00,02/12/2025 15:00,SAE1.04 PROJET,G_019,RT1-TP_A1
11/09/2025 06:00,11/09/2025 08:00,R1.10,D_028,RT1-A TCHEN CASSANDRA
06/01/2026 15:00,06/01/2026 16:00,SAE1.02 SUIVI PROJET,G_003,RT1-TP_B1 CHAMBERT CHRISTOPHE
14/11/2025 07:00,14/11/2025 11:00,R1.03,G_019,RT1-TP_B1 AZZOUNI SOUMAYA
04/11/2025 07:00,04/11/2025 09:00,R1.07 TP,G_019,RT1-TP_B2 EL AMLI AMINE
17/10/2025 06:00,17/10/2025 09:00,R1.08 (DS TP),G_012,RT1-TP_B1 MARTINI PIERRE
20/10/2025 09:00,20/10/2025 10:00,SAE1.03,G_007,RT1-TP_A2
08/12/2025 16:00,08/12/2025 17:00,SAE1.02 PROJET,G_007,RT1-TP_B1
19/09/2025 08:00,19/09/2025 10:00,R1.10,D_028,RT1-B KOTTI IMEN
17/09/2025 08:00,17/09/2025 10:00,R1.08,G_012,RT1-TP_A1 MARTINI PIERRE
10/09/2025 14:00,10/09/2025 16:00,R1.04 PRE,G_004,RT1-B HEYRAUD CHRISTOPHE
18/11/2025 13:00,18/11/2025 15:00,R1.13 TDA,D_026,RT1-A BIARD MATHIEU
03/12/2025 07:00,03/12/2025 11:00,R1.03 DS TP,G_019,RT1-TP_B2 CHEMINEAU CHRISTOPHE
12/01/2026 13:00,12/01/2026 15:00,R1.10,D_032,RT1-TP_B1 KOTTI IMEN
22/10/2025 14:00,22/10/2025 16:00,R1.10,D_032,RT1-A TCHEN CASSANDRA
06/10/2025 14:00,06/10/2025 16:00,R1.07,G_012,RT1-A LAURENT NILS
07/11/2025 13:30,07/11/2025 15:00,R1.10,D_028,RT1-B KOTTI IMEN
10/09/2025 08:00,10/09/2025 10:00,R1.08,G_012,RT1-A MARTINI PIERRE
04/11/2025 09:00,04/11/2025 10:00,SAE1.04 PROJET,G_007,RT1-TP_B2
13/10/2025 13:00,13/10/2025 16:00,R1.08 (DS TP),G_012,RT1-TP_A1 MARTINI PIERRE
14/11/2025 09:00,14/11/2025 10:00,SAE1.04 SUIVI PROJET,G_012,RT1-TP_A2 MATICHARD PIERRE-JEAN
03/12/2025 13:00,03/12/2025 15:00,R1.10,D_032,RT1-TP_A2 TCHEN CASSANDRA
15/09/2025 06:00,15/09/2025 08:00,R1.14,D_032,RT1-B GAULTIER BEATRICE
12/09/2025 14:00,12/09/2025 15:00,SAE1.01 SUIVI,G_019,RT1-TP_A1 AZZOUNI SOUMAYA
05/11/2025 09:00,05/11/2025 11:00,R1.07 TP,D_110,RT1-TP_A1 LAURENT NILS
17/11/2025 08:00,17/11/2025 09:00,SAE1.04 PROJET,G_019,RT1-TP_B2
28/11/2025 15:00,28/11/2025 17:00,R1.13,G_019,RT1-TP_B1 GRIZONNET YANN
18/09/2025 10:00,18/09/2025 10:30,"presentation ""JE FILME MA FORMATION""",G_011_AMPHI,RT1-S1 RT2-S3 RT3-S5 BOULEUX GUILLAUME
10/11/2025 07:00,10/11/2025 09:00,R1.07 TP,G_019,RT1-TP_B2 EL AMLI AMINE
15/10/2025 14:00,15/10/2025 16:00,R1.01c,G_012,RT1-TP_A1 MARTINI PIERRE
05/01/2026 09:00,05/01/2026 11:00,R1.04 DS TP,G_004,RT1-TP_B1 AZZOUNI SOUMAYA
02/12/2025 09:00,02/12/2025 11:00,R1.13,G_003,RT1-TP_B2 BIARD MATHIEU Armoire PC portable
08/12/2025 09:00,08/12/2025 11:00,R1.06,G_003,RT1-B HEYRAUD CHRISTOPHE
20/10/2025 11:00,20/10/2025 13:00,Développer ses compétences informationnelles,G_019,RT1-TP_B1 HEYRAUD CHRISTOPHE
05/12/2025 15:00,05/12/2025 17:00,SAE1.02 PROJET,G_004,RT1-TP_A2
17/09/2025 14:00,17/09/2025 16:00,R1.08,G_012,RT1-TP_B2 MARTINI PIERRE
17/12/2025 16:00,17/12/2025 17:00,SAE1.02 PROJET,G_007,RT1-TP_A1
06/10/2025 12:00,06/10/2025 14:00,R1.01c,G_012,RT1-A MARTINI PIERRE
19/09/2025 08:00,19/09/2025 09:00,VISITE BU (présence OBLIGATOIRE),,RT1-TP_A1 HEYRAUD CHRISTOPHE
17/10/2025 12:00,17/10/2025 14:00,R1.07 TP,G_004,RT1-TP_A1 LAURENT NILS
06/10/2025 06:00,06/10/2025 08:00,R1.01c,G_011_AMPHI,RT1-S1 MARTINI PIERRE
04/12/2025 10:00,04/12/2025 11:00,SAE1.04 SUIVI PROJET,D_110,RT1-TP_B2 MATICHARD PIERRE-JEAN
07/01/2026 07:00,07/01/2026 08:00,SAE1.05 SUIVI PROJET,G_004,RT1-TP_A1 BIARD MATHIEU
07/01/2026 13:00,07/01/2026 14:00,SAE1.05 PROJET A1,G_004,RT1-TP_A1
15/12/2025 07:00,15/12/2025 09:00,SAE1.05 TP 2H,D_110,RT1-TP_B1 BIARD MATHIEU
07/01/2026 08:00,07/01/2026 09:00,SAE1.05 PROJET B2,G_012,RT1-TP_B2
19/12/2025 08:00,19/12/2025 09:00,SAE1.05 PROJET A1,G_007,RT1-TP_A1
13/10/2025 14:00,13/10/2025 16:00,R1.07 TP,G_004,RT1-TP_A2 AZZOUNI SOUMAYA
29/09/2025 14:00,29/09/2025 16:00,R1.07,G_004,RT1-B LAURENT NILS
02/10/2025 09:00,02/10/2025 10:00,R1.11 Voltaire A1,G_016,BARNAY FABIENNE RT1-TP_A1
16/09/2025 14:00,16/09/2025 15:00,SAE1.01 SUIVI,G_003,RT1-TP_B1 AZZOUNI SOUMAYA
13/10/2025 14:00,13/10/2025 16:00,R1.14,D_026,RT1-TP_B2 GAULTIER BEATRICE
03/12/2025 13:00,03/12/2025 14:00,SAE1.02 SUIVI PROJET,G_012,RT1-TP_B2 MATICHARD PIERRE-JEAN
18/09/2025 08:00,18/09/2025 10:00,R1.08,G_012,RT1-TP_A1 MARTINI PIERRE
17/11/2025 13:00,17/11/2025 15:00,R1.04 ELECTRONIQUE,D_028,RT1-B AZZOUNI SOUMAYA
24/10/2025 06:00,24/10/2025 08:00,R1.07 TP,G_004,RT1-TP_A1 LAURENT NILS
09/01/2026 13:00,09/01/2026 15:00,SAE1.05 PROJET B2,D_110,RT1-TP_B2
18/11/2025 07:00,18/11/2025 08:00,présentation TEDS,D_110,RT1-TP_A1
05/09/2025 08:00,05/09/2025 10:00,R1.13,G_011_AMPHI,RT1-S1 BIARD MATHIEU
15/10/2025 12:00,15/10/2025 14:00,R1.15,D_110,RT1-TP_A1 GUILLOT TIPHANIE
17/11/2025 07:00,17/11/2025 08:00,SAE1.04 PROJET,G_019,RT1-TP_B2
08/12/2025 14:00,08/12/2025 15:30,R1.11 METHODO IA,D_110,RT1-A MARTINI PIERRE
16/09/2025 06:00,16/09/2025 08:00,SAE1.01,G_012,RT1-TP_A1
07/01/2026 14:00,07/01/2026 15:00,SAE1.05 PROJET A1,G_004,RT1-TP_A1
02/12/2025 07:30,02/12/2025 09:00,SAE1.04,D_110,RT1-A MATICHARD PIERRE-JEAN
09/12/2025 16:00,09/12/2025 17:00,SAE1.02 TD,G_004,RT1-B CHAMBERT CHRISTOPHE
12/01/2026 09:00,12/01/2026 10:00,SAE1.05 PROJET A2,G_003,RT1-TP_A2
12/09/2025 12:00,12/09/2025 13:00,SAE1.01 SUIVI,G_019,RT1-TP_A2 AZZOUNI SOUMAYA
12/11/2025 13:00,12/11/2025 14:00,R1.03 DS TD,G_004,RT1-B CHEMINEAU CHRISTOPHE
12/12/2025 10:00,12/12/2025 11:00,SAE1.02 PROJET,G_007,RT1-TP_A2
03/09/2025 14:00,03/09/2025 16:00,R1.04 PRE,D_032,RT1-B HEYRAUD CHRISTOPHE
09/10/2025 06:00,09/10/2025 10:00,R1.02,G_003,RT1-TP_B2 AZZOUNI SOUMAYA
07/10/2025 12:00,07/10/2025 16:00,R1.02,G_007,RT1-TP_B1 CHAMBERT CHRISTOPHE
18/11/2025 08:00,18/11/2025 09:00,SAE1.04 PROJET,G_002,RT1-TP_B2
06/01/2026 14:00,06/01/2026 15:00,SAE1.05 SUIVI PROJET,G_012,RT1-TP_A2 BIARD MATHIEU
24/10/2025 12:00,24/10/2025 13:00,SAE1.04 TP,G_007,RT1-TP_B1 MATICHARD PIERRE-JEAN
03/12/2025 13:00,03/12/2025 15:00,R1.04 TP,G_004,RT1-TP_B1 AZZOUNI SOUMAYA
11/12/2025 07:00,11/12/2025 08:00,SAE1.02 SUIVI PROJET,G_007,RT1-TP_B2 MATICHARD PIERRE-JEAN
11/09/2025 08:00,11/09/2025 10:00,R1.01b,D_110,RT1-A AZZOUNI SOUMAYA
24/10/2025 14:00,24/10/2025 16:00,R1.01c TP DS,G_012,RT1-TP_A1 MARTINI PIERRE
03/11/2025 10:00,03/11/2025 11:00,SAE1.03,G_007,RT1-TP_B1
08/10/2025 12:00,08/10/2025 16:00,R1.02,D_110,RT1-TP_A2 AZZOUNI SOUMAYA
23/09/2025 06:00,23/09/2025 08:00,SAE1.01,G_010,RT1-TP_A2
24/09/2025 11:00,24/09/2025 14:00,SAE1.01 Soutenance,D_028,RT1-TP_A2 AZZOUNI SOUMAYA
12/09/2025 12:00,12/09/2025 14:00,R1.05,D_110,RT1-B HEYRAUD CHRISTOPHE
15/12/2025 16:00,15/12/2025 17:00,SAE1.02 PROJET,G_007,RT1-TP_A1
15/09/2025 09:00,15/09/2025 10:00,VISITE BU (présence OBLIGATOIRE),,RT1-TP_B2 HEYRAUD CHRISTOPHE
17/10/2025 14:00,17/10/2025 16:00,R1.07 TP,D_110,RT1-TP_A2 AZZOUNI SOUMAYA
01/09/2025 12:00,01/09/2025 15:00,Rentrée Accueil RT1,G_011_AMPHI,RT1-S1 NEJJAR NABIH
10/10/2025 06:00,10/10/2025 10:00,R1.02,G_003,RT1-TP_A1 CHAMBERT CHRISTOPHE
18/12/2025 07:00,18/12/2025 08:00,R1.11 Voltaire A2,D_028,BARNAY FABIENNE RT1-TP_A2
24/10/2025 12:00,24/10/2025 13:00,R1.09 (DS TP),G_019,RT1-TP_B2 LLORCA MAUD
24/10/2025 13:00,24/10/2025 14:00,R1.09 (DS TP),G_004,RT1-TP_A1 MATICHARD PIERRE-JEAN
13/01/2026 13:00,13/01/2026 14:00,R1.11 Voltaire B2,D_110,BARNAY FABIENNE RT1-TP_B2
07/01/2026 16:00,07/01/2026 17:00,SAE1.05 PROJET B2,G_012,RT1-TP_B2
17/12/2025 15:00,17/12/2025 17:00,SAE1.05 PROJET B1,D_110,RT1-TP_B1
10/10/2025 12:30,10/10/2025 14:00,R1.07,G_003,RT1-A LAURENT NILS
18/11/2025 11:00,18/11/2025 11:30,Contrôle des Absences - Bureau de Mme Zeryouh,,RT2-S3 RT1-S1 ZERYOUH NEZHA
13/11/2025 07:00,13/11/2025 11:00,R1.03,G_019,RT1-TP_B2 CHEMINEAU CHRISTOPHE
09/09/2025 06:00,09/09/2025 08:00,R1.08,G_012,RT1-A MARTINI PIERRE
25/11/2025 07:00,25/11/2025 09:00,R1.10,D_028,RT1-TP_B1 KOTTI IMEN
17/11/2025 16:00,17/11/2025 17:00,SAE1.03,G_007,RT1-TP_A1
04/09/2025 08:00,04/09/2025 10:00,R1.14,G_011_AMPHI,RT1-S1 GAULTIER BEATRICE
07/10/2025 06:00,07/10/2025 10:00,R1.02,G_002,RT1-TP_A2 AZZOUNI SOUMAYA
19/11/2025 09:00,19/11/2025 11:00,R1.04 TP,G_004,RT1-TP_A2 AZZOUNI SOUMAYA
21/11/2025 16:00,21/11/2025 17:00,SAE1.03,G_007,RT1-TP_A2
16/12/2025 09:00,16/12/2025 10:30,R1.11 METHODO IA,G_004,RT1-A MARTINI PIERRE
04/11/2025 08:00,04/11/2025 09:00,R1.11 METHODO,D_028,RT1-A BARNAY FABIENNE
26/09/2025 11:00,26/09/2025 14:00,SAE1.01 Soutenance,D_032,RT1-TP_A1 AZZOUNI SOUMAYA
12/12/2025 15:00,12/12/2025 17:00,SAE1.02 PROJET,G_007,RT1-TP_A2
18/11/2025 08:00,18/11/2025 10:00,SAE1.03,G_007,RT1-TP_A1
21/11/2025 07:00,21/11/2025 09:00,R1.13,G_016,RT1-TP_A1 BIARD MATHIEU
02/12/2025 13:00,02/12/2025 14:00,SAE1.04 SUIVI PROJET,G_019,RT1-TP_A1 MATICHARD PIERRE-JEAN
22/10/2025 10:30,22/10/2025 12:00,R1.12 Préparation pour un Job Etudiant (pour les volontaires !!!),D_028,RT1-S1 BARNAY FABIENNE
26/11/2025 07:00,26/11/2025 09:00,R1.06,D_032,RT1-A HEYRAUD CHRISTOPHE
08/12/2025 13:00,08/12/2025 14:00,SAE1.02 TD,G_012,RT1-B CHAMBERT CHRISTOPHE
09/01/2026 10:00,09/01/2026 11:00,SAE1.05 PROJET A1,G_004,RT1-TP_A1
17/11/2025 08:00,17/11/2025 09:00,SAE1.03 SUIVI,G_007,RT1-TP_B1 HEYRAUD CHRISTOPHE
15/09/2025 14:00,15/09/2025 16:00,R1.07,D_110,RT1-A LAURENT NILS
09/12/2025 09:00,09/12/2025 10:30,R1.11 METHODO IA,G_004,RT1-B MARTINI PIERRE
08/01/2026 09:00,08/01/2026 10:00,SAE1.05 PROJET B1,G_004,RT1-TP_B1
03/12/2025 07:00,03/12/2025 09:00,SAE1.02 PROJET,G_012,RT1-TP_A1
